slide,title,text_blocks,tables,images,speaker_notes
1,3%,6,3,7,None found
2,OS & Y Gate Valve,5,3,3,None found
3,Pressure Reducing Valve,5,3,3,None found
4,PN-40 580 PSI,2,8,8,None found
5,Butterfly Valve with Tamper Switch,11,10,9,None found
6,Grooved Type Gate Valve - 300 PSI,3,4,3,None found
7,Butterfly Valve with Tamper Switch,8,7,8,None found
8,WATER METER | CLINTON WOLTMAN,2,6,6,None found
9,Universal Flange Adaptor,2,8,7,None found
10,"Inspector test Valve BH Brand 1'' – 4,800",5,5,4,None found
11,BUTTERFLY VALVE,7,8,7,None found
12,Empty Tank,2,11,7,None found
13,SPRINKLER HEADS,6,8,3,None found
14,BUTTERFLY VALVE,7,5,5,None found
15,KITZ | CHECK VALVE | GATE VALVE | WYE-STRAINER,3,8,3,None found
16,UL/FM GIACOMINI,2,15,6,None found
17,PLASTIC NOZZLE 2 1/2,1,10,9,None found
18,WINTER UL/FM,2,13,10,None found
19,"Water Flow Switch Threaded 1'' | 2,800",2,8,9,None found
20,FIRE HOSE- PUSH LOCK -CABINET 50 FT.,2,11,3,None found
21,SINGLE JACKET 2 ½ HYFLO FIRE HOSE 50 FT.,2,22,1,None found
22,"Telephone jack | 4,950",2,5,1,None found
23,Smoke & Heat | 650,1,6,3,None found
24,JOCKEY PUMP,2,7,2,None found
25,Winter Gauge ¼ UL/fm,1,7,6,None found
26,MECH FLEXIBLE,2,12,5,None found
27,TRANSFER PUMP,4,7,3,None found
28,GOULDS,4,6,4,None found
29,"25 HP | 33,500",3,1,4,None found
30,FIRE PUMP & JOCKEY PUMP w/ Controller – Set,4,3,0,None found
31,FIRE PUMP & JOCKEY PUMP w/ Controller – Set (non- UL),4,3,0,None found
32,FIRE PUMP & JOCKEY PUMP w/ Controller – Set,4,5,0,None found
33,FIRE PUMP & JOCKEY PUMP UL/FM Set ( Eaton Cutler Hammer Controller ),4,5,0,None found
34,FIRE PUMP & JOCKEY PUMP UL/FM Set ( Eaton Cutler Hammer Controller ),3,5,0,None found
35,FIRE PUMP | JOCKEY PUMP | CAPACITY & PRESSURE | HORIZONTAL SET,3,5,5,None found
36,FIRE PUMP | Controller | CAPACITY & PRESSURE | FIRE PUMP + CONTROLLER,3,6,4,None found
37,FIRE PUMP | JOCKEY PUMP | VERTICAL SET | CAPACITY & PRESSURE,3,3,5,None found
38,FIRE PUMP | JOCKEY PUMP | SET,2,8,5,None found
39,FIRE PUMP | JOCKEY PUMP | SET,2,6,5,None found
40,Horizontal Split Case Fire Pump Assembly – Electric – Streamplus Brand Australia -,7,2,5,None found
41,Horizontal Split Case Fire Pump Assembly – Electric – PURITY CHINA BRAND-,7,1,5,None found
42,Horizontal End Suction Fire Pump Assembly- Electric – Streamplus Brand Australia -,8,2,6,None found
43,Horizontal End Suction and Vertical Inline Fire Pump Assembly – Electric– Purity Brand China -,8,2,5,None found
44,"10Hp /3Hp Purity – Single Phase via inverter Controller with Threaded fitting no PRV Php -157,500.00 Php – 136,500.00 Set Only",4,0,3,None found
45,"10Hp /3Hp Purity – Single Phase via inverter Controller with flange type fitting no PRV Php -163,000.00 -Assembly Php – 136,500.00 Set Only",4,0,3,None found
46,Horizontal End Suction and Vertical Inline Fire Pump Assembly – Electric– Purity Brand China -,8,2,5,None found
47,Horizontal End Suction Fire Pump Assembly – Electric – Purity Brand China -,7,2,6,None found
48,Horizontal End Suction Fire Pump Assembly- Diesel Engine Driven – Streamplus Brand Australia -,7,2,6,None found
49,Horizontal Split Case Fire Pump Assembly- Diesel Driven – PURITY Brand China -,7,2,5,None found
50,Horizontal End Suction Fire Pump Assembly- Diesel Driven – PURITY Brand China -,7,1,6,None found
51,U- BOLT,2,7,5,None found
52,NUT | WASHER,3,6,3,None found
53,ELECTRICAL,2,15,11,None found
54,TF WIRE SINGLE,1,5,9,None found
55,WORKINGGLOVES,1,10,18,None found
56,Plus 5%,2,1,9,None found
57,Black Iron - Bell Reducer - Welded,2,4,1,None found
58,STAINLESS TANK | PRICE,1,1,1,None found
59,TOOLS,2,11,9,None found
