slide,slide_title,shape_index,shape_type,x_in,y_in,w_in,h_in,source_text,clean_text
1,3%,4,AUTO_SHAPE (1),2.496,1.771,0.387,0.369,®,®
1,3%,7,AUTO_SHAPE (1),1.133,2.431,2.31,0.404,"Serving Philippine Water Industry
Since 1989",Serving Philippine Water Industry Since 1989
1,3%,9,AUTO_SHAPE (1),4.559,0.505,1.885,1.503,3%,3%
1,3%,13,AUTO_SHAPE (1),5.191,1.7,1.792,0.769,"Above 1,000,000","Above 1,000,000"
1,3%,17,AUTO_SHAPE (1),3.925,3.978,1.792,1.302,Price may increase with out Prior Notice,Price may increase with out Prior Notice
1,3%,20,AUTO_SHAPE (1),0.068,0.075,0.476,0.472,1,1
2,OS & Y Gate Valve,6,AUTO_SHAPE (1),0.283,2.807,2.089,0.403,OS & Y Gate Valve,OS & Y Gate Valve
2,OS & Y Gate Valve,7,AUTO_SHAPE (1),-1.17,5.526,5.177,0.403,SWING Check Valve,SWING Check Valve
2,OS & Y Gate Valve,9,AUTO_SHAPE (1),-0.346,9.048,8.191,1.07,"WAREHOUSE: 137 General Evangelista, Bagong Barrio West, Caloocan City (TOYOTA EDSA BALINTAWAK)
Telefax: +632 5018841 Tel Number: +632 7117 38 45 Mobile : +63 9292 777 888 +63 9155 588 588; +63 9308 334 455
Email Us: jetflarecorp@gmail.com & jetflaresales@gmail.com","WAREHOUSE: 137 General Evangelista, Bagong Barrio West, Caloocan City (TOYOTA EDSA BALINTAWAK) Telefax: +632 5018841 Tel Number: +632 7117 38 45 Mobile : +63 9292 777 888 +63 9155 588 588; +63 9308 334 455 Email Us: jetflarecorp@gmail.com & jetflaresales@gmail.com"
2,OS & Y Gate Valve,11,AUTO_SHAPE (1),-1.198,8.439,5.177,0.403,Pressure Relief Valve,Pressure Relief Valve
2,OS & Y Gate Valve,12,AUTO_SHAPE (1),0.068,0.075,0.476,0.472,2,2
3,Pressure Reducing Valve,6,AUTO_SHAPE (1),-1.208,5.496,5.175,0.403,Alarm Check Valve,Alarm Check Valve
3,Pressure Reducing Valve,7,AUTO_SHAPE (1),-0.346,9.144,8.191,1.07,"QUEZON CITY OFFICE: 27 Felix Manalo St. Pinagkaisahan, Cubao Quezon City
WAREHOUSE: 137 General Evangelista, Bagong Barrio West, Caloocan City (TOYOTA EDSA BALINTAWAK)
Telefax: +632 5018841 Tel Number: +632 7117 38 45 Mobile : +63 9292 777 888 +63 9155 588 588; +63 9308 334 455
Email Us: jetflarecorp@gmail.com & jetflaresales@gmail.com","QUEZON CITY OFFICE: 27 Felix Manalo St. Pinagkaisahan, Cubao Quezon City WAREHOUSE: 137 General Evangelista, Bagong Barrio West, Caloocan City (TOYOTA EDSA BALINTAWAK) Telefax: +632 5018841 Tel Number: +632 7117 38 45 Mobile : +63 9292 777 888 +63 9155 588 588; +63 9308 334 455 Email Us: jetflarecorp@gmail.com & jetflaresales@gmail.com"
3,Pressure Reducing Valve,8,AUTO_SHAPE (1),-1.202,2.403,5.176,0.703,"Pressure Reducing
Valve",Pressure Reducing Valve
3,Pressure Reducing Valve,11,AUTO_SHAPE (1),-1.272,8.498,5.177,0.603,"Butterfly Valve
with Tamper Switch",Butterfly Valve with Tamper Switch
3,Pressure Reducing Valve,13,AUTO_SHAPE (1),0.068,0.075,0.476,0.472,3,3
4,PN-40 580 PSI,11,AUTO_SHAPE (1),0.156,6.094,1.969,0.636,PILOT PRESSURE RELIEF VALVE,PILOT PRESSURE RELIEF VALVE
4,PN-40 580 PSI,19,AUTO_SHAPE (1),0.068,0.075,0.476,0.472,4,4
5,Butterfly Valve with Tamper Switch,2,AUTO_SHAPE (1),-0.346,9.048,8.191,1.07,"WAREHOUSE: 137 General Evangelista, Bagong Barrio West, Caloocan City (TOYOTA EDSA BALINTAWAK)
Telefax: +632 5018841 Tel Number: +632 7117 38 45 Mobile : +63 9292 777 888 +63 9155 588 588; +63 9308 334 455
Email Us: jetflarecorp@gmail.com & jetflaresales@gmail.com","WAREHOUSE: 137 General Evangelista, Bagong Barrio West, Caloocan City (TOYOTA EDSA BALINTAWAK) Telefax: +632 5018841 Tel Number: +632 7117 38 45 Mobile : +63 9292 777 888 +63 9155 588 588; +63 9308 334 455 Email Us: jetflarecorp@gmail.com & jetflaresales@gmail.com"
5,Butterfly Valve with Tamper Switch,11,AUTO_SHAPE (1),1.878,0.393,1.811,0.57,"Butterfly Valve with
Tamper Switch",Butterfly Valve with Tamper Switch
5,Butterfly Valve with Tamper Switch,12,AUTO_SHAPE (1),1.872,2.893,1.946,0.57,"Grooved Type
Gate Valve - 200 PSI",Grooved Type Gate Valve - 200 PSI
5,Butterfly Valve with Tamper Switch,13,AUTO_SHAPE (1),1.719,4.689,2.185,0.57,"Flange Type
Gate Valve - 300 PSI",Flange Type Gate Valve - 300 PSI
5,Butterfly Valve with Tamper Switch,16,AUTO_SHAPE (1),5.156,1.328,2.184,0.57,"Flange Type
Check Valve - 300 PSI",Flange Type Check Valve - 300 PSI
5,Butterfly Valve with Tamper Switch,17,AUTO_SHAPE (1),5.156,3.594,2.184,0.57,"Grooved Type
Check Valve - 350 PSI",Grooved Type Check Valve - 350 PSI
5,Butterfly Valve with Tamper Switch,18,AUTO_SHAPE (1),1.093,7.578,1.642,0.603,"DRY -Fire Hydrant
6'' - 85,000","DRY -Fire Hydrant 6'' - 85,000"
5,Butterfly Valve with Tamper Switch,19,AUTO_SHAPE (1),5.467,6.016,1.597,0.603,"Air Release Valve
1'' – 7,800","Air Release Valve 1'' – 7,800"
5,Butterfly Valve with Tamper Switch,28,AUTO_SHAPE (1),1.095,8.281,1.633,0.603,"WET-Fire Hydrant
6'' - 92,000","WET-Fire Hydrant 6'' - 92,000"
5,Butterfly Valve with Tamper Switch,39,AUTO_SHAPE (1),5.078,6.797,2.184,0.57,"Wet Alarm
Check Valve - 300 PSI",Wet Alarm Check Valve - 300 PSI
5,Butterfly Valve with Tamper Switch,44,AUTO_SHAPE (1),0.068,0.075,0.476,0.472,5,5
6,Grooved Type Gate Valve - 300 PSI,2,AUTO_SHAPE (1),1.638,0.625,1.946,0.57,"Grooved Type
Gate Valve - 300 PSI",Grooved Type Gate Valve - 300 PSI
6,Grooved Type Gate Valve - 300 PSI,9,AUTO_SHAPE (1),3.906,3.125,3.125,0.403,Deluge Valve - 300 PSI,Deluge Valve - 300 PSI
6,Grooved Type Gate Valve - 300 PSI,12,AUTO_SHAPE (1),0.068,0.075,0.476,0.472,6,6
7,Butterfly Valve with Tamper Switch,2,AUTO_SHAPE (1),-0.346,9.048,8.191,1.07,"WAREHOUSE: 137 General Evangelista, Bagong Barrio West, Caloocan City (TOYOTA EDSA BALINTAWAK)
Telefax: +632 5018841 Tel Number: +632 7117 38 45 Mobile : +63 9292 777 888 +63 9155 588 588; +63 9308 334 455
Email Us: jetflarecorp@gmail.com & jetflaresales@gmail.com","WAREHOUSE: 137 General Evangelista, Bagong Barrio West, Caloocan City (TOYOTA EDSA BALINTAWAK) Telefax: +632 5018841 Tel Number: +632 7117 38 45 Mobile : +63 9292 777 888 +63 9155 588 588; +63 9308 334 455 Email Us: jetflarecorp@gmail.com & jetflaresales@gmail.com"
7,Butterfly Valve with Tamper Switch,9,AUTO_SHAPE (1),1.528,1.833,1.811,0.57,"Butterfly Valve with
Tamper Switch",Butterfly Valve with Tamper Switch
7,Butterfly Valve with Tamper Switch,10,AUTO_SHAPE (1),1.28,4.179,1.946,0.57,"Grooved Type
Gate Valve - 200 PSI",Grooved Type Gate Valve - 200 PSI
7,Butterfly Valve with Tamper Switch,11,AUTO_SHAPE (1),1.149,6.474,2.186,0.57,"Flange Type
Gate Valve - 300 PSI",Flange Type Gate Valve - 300 PSI
7,Butterfly Valve with Tamper Switch,13,AUTO_SHAPE (1),5.0,1.953,2.184,0.57,"Flange Type
Check Valve - 300 PSI",Flange Type Check Valve - 300 PSI
7,Butterfly Valve with Tamper Switch,14,AUTO_SHAPE (1),5.0,4.297,2.184,0.57,"Grooved Type
Check Valve - 350 PSI",Grooved Type Check Valve - 350 PSI
7,Butterfly Valve with Tamper Switch,26,AUTO_SHAPE (1),5.078,6.641,2.184,0.57,"Wafer Type
Check Valve - 350 PSI",Wafer Type Check Valve - 350 PSI
7,Butterfly Valve with Tamper Switch,30,AUTO_SHAPE (1),0.068,0.075,0.476,0.472,7,7
8,WATER METER | CLINTON WOLTMAN,1,AUTO_SHAPE (1),-0.346,9.048,8.191,1.07,"QUEZON CITY OFFICE: 27 Felix Manalo St. Pinagkaisahan, Cubao Quezon City
WAREHOUSE: 137 General Evangelista, Bagong Barrio West, Caloocan City (TOYOTA EDSA BALINTAWAK)
Telefax: +632 5018841 Tel Number: +632 7117 38 45 Mobile : +63 9292 777 888 +63 9155 588 588; +63 9308 334 455
Email Us: jetflarecorp@gmail.com & jetflaresales@gmail.com","QUEZON CITY OFFICE: 27 Felix Manalo St. Pinagkaisahan, Cubao Quezon City WAREHOUSE: 137 General Evangelista, Bagong Barrio West, Caloocan City (TOYOTA EDSA BALINTAWAK) Telefax: +632 5018841 Tel Number: +632 7117 38 45 Mobile : +63 9292 777 888 +63 9155 588 588; +63 9308 334 455 Email Us: jetflarecorp@gmail.com & jetflaresales@gmail.com"
8,WATER METER | CLINTON WOLTMAN,17,AUTO_SHAPE (1),0.068,0.075,0.476,0.472,8,8
9,Universal Flange Adaptor,2,AUTO_SHAPE (1),-0.346,9.048,8.191,1.07,"QUEZON CITY OFFICE: 27 Felix Manalo St. Pinagkaisahan, Cubao Quezon City
WAREHOUSE: 137 General Evangelista, Bagong Barrio West, Caloocan City (TOYOTA EDSA BALINTAWAK)
Telefax: +632 5018841 Tel Number: +632 7117 38 45 Mobile : +63 9292 777 888 +63 9155 588 588; +63 9308 334 455
Email Us: jetflarecorp@gmail.com & jetflaresales@gmail.com","QUEZON CITY OFFICE: 27 Felix Manalo St. Pinagkaisahan, Cubao Quezon City WAREHOUSE: 137 General Evangelista, Bagong Barrio West, Caloocan City (TOYOTA EDSA BALINTAWAK) Telefax: +632 5018841 Tel Number: +632 7117 38 45 Mobile : +63 9292 777 888 +63 9155 588 588; +63 9308 334 455 Email Us: jetflarecorp@gmail.com & jetflaresales@gmail.com"
9,Universal Flange Adaptor,18,AUTO_SHAPE (1),0.068,0.075,0.476,0.472,9,9
10,"Inspector test Valve BH Brand 1'' – 4,800",2,AUTO_SHAPE (1),-0.346,9.048,8.191,1.07,"QUEZON CITY OFFICE: 27 Felix Manalo St. Pinagkaisahan, Cubao Quezon City
WAREHOUSE: 137 General Evangelista, Bagong Barrio West, Caloocan City (TOYOTA EDSA BALINTAWAK)
Telefax: +632 5018841 Tel Number: +632 7117 38 45 Mobile : +63 9292 777 888 +63 9155 588 588; +63 9308 334 455
Email Us: jetflarecorp@gmail.com & jetflaresales@gmail.com","QUEZON CITY OFFICE: 27 Felix Manalo St. Pinagkaisahan, Cubao Quezon City WAREHOUSE: 137 General Evangelista, Bagong Barrio West, Caloocan City (TOYOTA EDSA BALINTAWAK) Telefax: +632 5018841 Tel Number: +632 7117 38 45 Mobile : +63 9292 777 888 +63 9155 588 588; +63 9308 334 455 Email Us: jetflarecorp@gmail.com & jetflaresales@gmail.com"
10,"Inspector test Valve BH Brand 1'' – 4,800",8,AUTO_SHAPE (1),5.504,0.809,1.797,0.902,"Inspector test Valve BH Brand
1'' – 4,800","Inspector test Valve BH Brand 1'' – 4,800"
10,"Inspector test Valve BH Brand 1'' – 4,800",11,AUTO_SHAPE (1),0.099,0.042,0.738,0.569,10,10
10,"Inspector test Valve BH Brand 1'' – 4,800",14,AUTO_SHAPE (1),0.417,6.908,1.913,0.703,Reflex Brand ul/fm,Reflex Brand ul/fm
10,"Inspector test Valve BH Brand 1'' – 4,800",15,AUTO_SHAPE (1),2.978,5.17,3.184,0.403,Flexible sprinkler Hose,Flexible sprinkler Hose
11,BUTTERFLY VALVE,1,AUTO_SHAPE (1),-0.346,9.048,8.191,1.07,"QUEZON CITY OFFICE: 27 Felix Manalo St. Pinagkaisahan, Cubao Quezon City
WAREHOUSE: 137 General Evangelista, Bagong Barrio West, Caloocan City (TOYOTA EDSA BALINTAWAK)
Telefax: +632 5018841 Tel Number: +632 7117 38 45 Mobile : +63 9292 777 888 +63 9155 588 588; +63 9308 334 455
Email Us: jetflarecorp@gmail.com & jetflaresales@gmail.com","QUEZON CITY OFFICE: 27 Felix Manalo St. Pinagkaisahan, Cubao Quezon City WAREHOUSE: 137 General Evangelista, Bagong Barrio West, Caloocan City (TOYOTA EDSA BALINTAWAK) Telefax: +632 5018841 Tel Number: +632 7117 38 45 Mobile : +63 9292 777 888 +63 9155 588 588; +63 9308 334 455 Email Us: jetflarecorp@gmail.com & jetflaresales@gmail.com"
11,BUTTERFLY VALVE,3,AUTO_SHAPE (1),0.703,0.937,1.641,0.636,BUTTERFLY VALVE,BUTTERFLY VALVE
11,BUTTERFLY VALVE,7,AUTO_SHAPE (1),0.156,3.75,2.187,0.369,SWING Check Valve,SWING Check Valve
11,BUTTERFLY VALVE,10,AUTO_SHAPE (1),0.156,5.703,2.422,0.636,"Reducing &
Relief Valve",Reducing & Relief Valve
11,BUTTERFLY VALVE,24,AUTO_SHAPE (1),0.0,8.516,2.422,0.369,Deluge Valve,Deluge Valve
11,BUTTERFLY VALVE,32,AUTO_SHAPE (1),5.078,1.953,2.031,0.636,"Air Release Valve
½'' -1'' - 1800",Air Release Valve ½'' -1'' - 1800
11,BUTTERFLY VALVE,34,AUTO_SHAPE (1),0.099,0.042,0.738,0.569,11,11
12,Empty Tank,8,AUTO_SHAPE (1),1.092,0.313,1.476,0.403,Empty Tank,Empty Tank
12,Empty Tank,22,AUTO_SHAPE (1),0.099,0.042,0.738,0.569,12,12
13,SPRINKLER HEADS,4,AUTO_SHAPE (1),0.391,0.859,2.629,0.336,Pendent & Sidewall with plate,Pendent & Sidewall with plate
13,SPRINKLER HEADS,5,AUTO_SHAPE (1),0.635,0.391,2.146,0.403,SPRINKLER HEADS,SPRINKLER HEADS
13,SPRINKLER HEADS,8,AUTO_SHAPE (1),-0.346,9.048,8.191,1.07,"WAREHOUSE: 137 General Evangelista, Bagong Barrio West, Caloocan City (TOYOTA EDSA BALINTAWAK)
Telefax: +632 5018841 Tel Number: +632 7117 38 45 Mobile : +63 9292 777 888 +63 9155 588 588; +63 9308 334 455
Email Us: jetflarecorp@gmail.com & jetflaresales@gmail.com","WAREHOUSE: 137 General Evangelista, Bagong Barrio West, Caloocan City (TOYOTA EDSA BALINTAWAK) Telefax: +632 5018841 Tel Number: +632 7117 38 45 Mobile : +63 9292 777 888 +63 9155 588 588; +63 9308 334 455 Email Us: jetflarecorp@gmail.com & jetflaresales@gmail.com"
13,SPRINKLER HEADS,12,AUTO_SHAPE (1),0.156,3.594,2.786,0.636,CONCEALED SPRINKLER HEADS- CHINA,CONCEALED SPRINKLER HEADS- CHINA
13,SPRINKLER HEADS,15,AUTO_SHAPE (1),0.234,5.313,2.787,0.636,CONCEALED SPRINKLER HEADS- TYCO ULFM,CONCEALED SPRINKLER HEADS- TYCO ULFM
13,SPRINKLER HEADS,18,AUTO_SHAPE (1),0.099,0.042,0.738,0.569,13,13
14,BUTTERFLY VALVE,4,AUTO_SHAPE (1),-0.346,9.048,8.191,1.07,"QUEZON CITY OFFICE: 27 Felix Manalo St. Pinagkaisahan, Cubao Quezon City
WAREHOUSE: 137 General Evangelista, Bagong Barrio West, Caloocan City (TOYOTA EDSA BALINTAWAK)
Telefax: +632 5018841 Tel Number: +632 7117 38 45 Mobile : +63 9292 777 888 +63 9155 588 588; +63 9308 334 455
Email Us: jetflarecorp@gmail.com & jetflaresales@gmail.com","QUEZON CITY OFFICE: 27 Felix Manalo St. Pinagkaisahan, Cubao Quezon City WAREHOUSE: 137 General Evangelista, Bagong Barrio West, Caloocan City (TOYOTA EDSA BALINTAWAK) Telefax: +632 5018841 Tel Number: +632 7117 38 45 Mobile : +63 9292 777 888 +63 9155 588 588; +63 9308 334 455 Email Us: jetflarecorp@gmail.com & jetflaresales@gmail.com"
14,BUTTERFLY VALVE,13,AUTO_SHAPE (1),3.573,8.246,2.007,0.636,"WAFER
CHECK VALVE",WAFER CHECK VALVE
14,BUTTERFLY VALVE,14,AUTO_SHAPE (1),0.135,8.193,1.969,0.636,PILOT PRESSURE RELIEF VALVE,PILOT PRESSURE RELIEF VALVE
14,BUTTERFLY VALVE,15,AUTO_SHAPE (1),0.161,5.297,1.967,0.636,MECHANICAL FLOAT VALVE,MECHANICAL FLOAT VALVE
14,BUTTERFLY VALVE,16,AUTO_SHAPE (1),0.837,1.033,1.969,0.703,BUTTERFLY VALVE,BUTTERFLY VALVE
14,BUTTERFLY VALVE,17,AUTO_SHAPE (1),3.62,5.331,1.969,0.636,FOOT VALVE Flange type,FOOT VALVE Flange type
14,BUTTERFLY VALVE,18,AUTO_SHAPE (1),0.099,0.042,0.738,0.569,14,14
15,KITZ | CHECK VALVE | GATE VALVE | WYE-STRAINER,2,AUTO_SHAPE (1),-0.346,9.048,8.191,1.07,"QUEZON CITY OFFICE: 27 Felix Manalo St. Pinagkaisahan, Cubao Quezon City
WAREHOUSE: 137 General Evangelista, Bagong Barrio West, Caloocan City (TOYOTA EDSA BALINTAWAK)
Telefax: +632 5018841 Tel Number: +632 7117 38 45 Mobile : +63 9292 777 888 +63 9155 588 588; +63 9308 334 455
Email Us: jetflarecorp@gmail.com & jetflaresales@gmail.com","QUEZON CITY OFFICE: 27 Felix Manalo St. Pinagkaisahan, Cubao Quezon City WAREHOUSE: 137 General Evangelista, Bagong Barrio West, Caloocan City (TOYOTA EDSA BALINTAWAK) Telefax: +632 5018841 Tel Number: +632 7117 38 45 Mobile : +63 9292 777 888 +63 9155 588 588; +63 9308 334 455 Email Us: jetflarecorp@gmail.com & jetflaresales@gmail.com"
15,KITZ | CHECK VALVE | GATE VALVE | WYE-STRAINER,9,AUTO_SHAPE (1),3.43,8.594,1.407,0.369,FOOT VALVE,FOOT VALVE
15,KITZ | CHECK VALVE | GATE VALVE | WYE-STRAINER,15,AUTO_SHAPE (1),0.099,0.042,0.738,0.569,15,15
16,UL/FM GIACOMINI,5,AUTO_SHAPE (1),-0.346,9.048,8.191,1.07,"QUEZON CITY OFFICE: 27 Felix Manalo St. Pinagkaisahan, Cubao Quezon City
WAREHOUSE: 137 General Evangelista, Bagong Barrio West, Caloocan City (TOYOTA EDSA BALINTAWAK)
Telefax: +632 5018841 Tel Number: +632 7117 38 45 Mobile : +63 9292 777 888 +63 9155 588 588; +63 9308 334 455
Email Us: jetflarecorp@gmail.com & jetflaresales@gmail.com","QUEZON CITY OFFICE: 27 Felix Manalo St. Pinagkaisahan, Cubao Quezon City WAREHOUSE: 137 General Evangelista, Bagong Barrio West, Caloocan City (TOYOTA EDSA BALINTAWAK) Telefax: +632 5018841 Tel Number: +632 7117 38 45 Mobile : +63 9292 777 888 +63 9155 588 588; +63 9308 334 455 Email Us: jetflarecorp@gmail.com & jetflaresales@gmail.com"
16,UL/FM GIACOMINI,26,AUTO_SHAPE (1),0.099,0.042,0.738,0.569,16,16
17,PLASTIC NOZZLE 2 1/2,21,AUTO_SHAPE (1),0.099,0.042,0.738,0.569,17,17
18,WINTER UL/FM,3,AUTO_SHAPE (1),-0.346,9.048,8.191,1.07,"QUEZON CITY OFFICE: 27 Felix Manalo St. Pinagkaisahan, Cubao Quezon City
WAREHOUSE: 137 General Evangelista, Bagong Barrio West, Caloocan City (TOYOTA EDSA BALINTAWAK)
Telefax: +632 5018841 Tel Number: +632 7117 38 45 Mobile : +63 9292 777 888 +63 9155 588 588; +63 9308 334 455
Email Us: jetflarecorp@gmail.com & jetflaresales@gmail.com","QUEZON CITY OFFICE: 27 Felix Manalo St. Pinagkaisahan, Cubao Quezon City WAREHOUSE: 137 General Evangelista, Bagong Barrio West, Caloocan City (TOYOTA EDSA BALINTAWAK) Telefax: +632 5018841 Tel Number: +632 7117 38 45 Mobile : +63 9292 777 888 +63 9155 588 588; +63 9308 334 455 Email Us: jetflarecorp@gmail.com & jetflaresales@gmail.com"
18,WINTER UL/FM,30,AUTO_SHAPE (1),0.099,0.042,0.738,0.569,18,18
19,"Water Flow Switch Threaded 1'' | 2,800",2,AUTO_SHAPE (1),-0.346,9.048,8.191,1.07,"QUEZON CITY OFFICE: 27 Felix Manalo St. Pinagkaisahan, Cubao Quezon City
WAREHOUSE: 137 General Evangelista, Bagong Barrio West, Caloocan City (TOYOTA EDSA BALINTAWAK)
Telefax: +632 5018841 Tel Number: +632 7117 38 45 Mobile : +63 9292 777 888 +63 9155 588 588; +63 9308 334 455
Email Us: jetflarecorp@gmail.com & jetflaresales@gmail.com","QUEZON CITY OFFICE: 27 Felix Manalo St. Pinagkaisahan, Cubao Quezon City WAREHOUSE: 137 General Evangelista, Bagong Barrio West, Caloocan City (TOYOTA EDSA BALINTAWAK) Telefax: +632 5018841 Tel Number: +632 7117 38 45 Mobile : +63 9292 777 888 +63 9155 588 588; +63 9308 334 455 Email Us: jetflarecorp@gmail.com & jetflaresales@gmail.com"
19,"Water Flow Switch Threaded 1'' | 2,800",29,AUTO_SHAPE (1),0.099,0.042,0.738,0.569,19,19
20,FIRE HOSE- PUSH LOCK -CABINET 50 FT.,2,AUTO_SHAPE (1),-0.346,9.048,8.191,1.07,"QUEZON CITY OFFICE: 27 Felix Manalo St. Pinagkaisahan, Cubao Quezon City
WAREHOUSE: 137 General Evangelista, Bagong Barrio West, Caloocan City (TOYOTA EDSA BALINTAWAK)
Telefax: +632 5018841 Tel Number: +632 7117 38 45 Mobile : +63 9292 777 888 +63 9155 588 588; +63 9308 334 455
Email Us: jetflarecorp@gmail.com & jetflaresales@gmail.com","QUEZON CITY OFFICE: 27 Felix Manalo St. Pinagkaisahan, Cubao Quezon City WAREHOUSE: 137 General Evangelista, Bagong Barrio West, Caloocan City (TOYOTA EDSA BALINTAWAK) Telefax: +632 5018841 Tel Number: +632 7117 38 45 Mobile : +63 9292 777 888 +63 9155 588 588; +63 9308 334 455 Email Us: jetflarecorp@gmail.com & jetflaresales@gmail.com"
20,FIRE HOSE- PUSH LOCK -CABINET 50 FT.,25,AUTO_SHAPE (1),0.099,0.042,0.738,0.569,20,20
21,SINGLE JACKET 2 ½ HYFLO FIRE HOSE 50 FT.,1,AUTO_SHAPE (1),-0.346,9.048,8.191,1.07,"WAREHOUSE: 137 General Evangelista, Bagong Barrio West, Caloocan City (TOYOTA EDSA BALINTAWAK)
Telefax: +632 5018841 Tel Number: +632 7117 38 45 Mobile : +63 9292 777 888 +63 9155 588 588; +63 9308 334 455
Email Us: jetflarecorp@gmail.com & jetflaresales@gmail.com","WAREHOUSE: 137 General Evangelista, Bagong Barrio West, Caloocan City (TOYOTA EDSA BALINTAWAK) Telefax: +632 5018841 Tel Number: +632 7117 38 45 Mobile : +63 9292 777 888 +63 9155 588 588; +63 9308 334 455 Email Us: jetflarecorp@gmail.com & jetflaresales@gmail.com"
21,SINGLE JACKET 2 ½ HYFLO FIRE HOSE 50 FT.,48,AUTO_SHAPE (1),0.099,0.042,0.738,0.569,21,21
22,"Telephone jack | 4,950",2,AUTO_SHAPE (1),-0.346,9.048,8.191,1.07,"WAREHOUSE: 137 General Evangelista, Bagong Barrio West, Caloocan City (TOYOTA EDSA BALINTAWAK)
Telefax: +632 5018841 Tel Number: +632 7117 38 45 Mobile : +63 9292 777 888 +63 9155 588 588; +63 9308 334 455
Email Us: jetflarecorp@gmail.com & jetflaresales@gmail.com","WAREHOUSE: 137 General Evangelista, Bagong Barrio West, Caloocan City (TOYOTA EDSA BALINTAWAK) Telefax: +632 5018841 Tel Number: +632 7117 38 45 Mobile : +63 9292 777 888 +63 9155 588 588; +63 9308 334 455 Email Us: jetflarecorp@gmail.com & jetflaresales@gmail.com"
22,"Telephone jack | 4,950",38,AUTO_SHAPE (1),0.099,0.042,0.738,0.569,22,22
23,Smoke & Heat | 650,30,AUTO_SHAPE (1),0.099,0.042,0.738,0.569,23,23
24,JOCKEY PUMP,1,AUTO_SHAPE (1),-0.346,9.048,8.191,1.07,"QUEZON CITY OFFICE: 27 Felix Manalo St. Pinagkaisahan, Cubao Quezon City
WAREHOUSE: 137 General Evangelista, Bagong Barrio West, Caloocan City (TOYOTA EDSA BALINTAWAK)
Telefax: +632 5018841 Tel Number: +632 7117 38 45 Mobile : +63 9292 777 888 +63 9155 588 588; +63 9308 334 455
Email Us: jetflarecorp@gmail.com & jetflaresales@gmail.com","QUEZON CITY OFFICE: 27 Felix Manalo St. Pinagkaisahan, Cubao Quezon City WAREHOUSE: 137 General Evangelista, Bagong Barrio West, Caloocan City (TOYOTA EDSA BALINTAWAK) Telefax: +632 5018841 Tel Number: +632 7117 38 45 Mobile : +63 9292 777 888 +63 9155 588 588; +63 9308 334 455 Email Us: jetflarecorp@gmail.com & jetflaresales@gmail.com"
24,JOCKEY PUMP,30,AUTO_SHAPE (1),0.099,0.042,0.738,0.569,24,24
25,Winter Gauge ¼ UL/fm,16,AUTO_SHAPE (1),0.099,0.042,0.738,0.569,25,25
26,MECH FLEXIBLE,2,AUTO_SHAPE (1),-0.391,9.226,8.191,0.77,"WAREHOUSE: 137 General Evangelista, Bagong Barrio West, Caloocan City (TOYOTA EDSA BALINTAWAK)
Telefax: +632 5018841 Tel Number: +632 7117 38 45 Mobile : +63 9292 777 888 +63 9155 588 588; +63 9308 334 455
Email Us: jetflarecorp@gmail.com & jetflaresales@gmail.com","WAREHOUSE: 137 General Evangelista, Bagong Barrio West, Caloocan City (TOYOTA EDSA BALINTAWAK) Telefax: +632 5018841 Tel Number: +632 7117 38 45 Mobile : +63 9292 777 888 +63 9155 588 588; +63 9308 334 455 Email Us: jetflarecorp@gmail.com & jetflaresales@gmail.com"
26,MECH FLEXIBLE,18,AUTO_SHAPE (1),0.099,0.042,0.738,0.569,26,26
27,TRANSFER PUMP,3,AUTO_SHAPE (1),0.559,2.109,2.091,0.403,TRANSFER PUMP,TRANSFER PUMP
27,TRANSFER PUMP,4,AUTO_SHAPE (1),-0.346,9.048,8.191,1.07,"QUEZON CITY OFFICE: 27 Felix Manalo St. Pinagkaisahan, Cubao Quezon City
WAREHOUSE: 137 General Evangelista, Bagong Barrio West, Caloocan City (TOYOTA EDSA BALINTAWAK)
Telefax: +632 5018841 Tel Number: +632 7117 38 45 Mobile : +63 9292 777 888 +63 9155 588 588; +63 9308 334 455
Email Us: jetflarecorp@gmail.com & jetflaresales@gmail.com","QUEZON CITY OFFICE: 27 Felix Manalo St. Pinagkaisahan, Cubao Quezon City WAREHOUSE: 137 General Evangelista, Bagong Barrio West, Caloocan City (TOYOTA EDSA BALINTAWAK) Telefax: +632 5018841 Tel Number: +632 7117 38 45 Mobile : +63 9292 777 888 +63 9155 588 588; +63 9308 334 455 Email Us: jetflarecorp@gmail.com & jetflaresales@gmail.com"
27,TRANSFER PUMP,10,AUTO_SHAPE (1),0.58,6.094,2.051,0.703,"EBARA
TRANSFER PUMP",EBARA TRANSFER PUMP
27,TRANSFER PUMP,15,AUTO_SHAPE (1),0.099,0.042,0.738,0.569,27,27
28,GOULDS,3,AUTO_SHAPE (1),0.228,4.203,2.73,0.403,VERTICAL MULTI-STAGE,VERTICAL MULTI-STAGE
28,GOULDS,4,AUTO_SHAPE (1),-0.346,9.048,8.191,1.07,"QUEZON CITY OFFICE: 27 Felix Manalo St. Pinagkaisahan, Cubao Quezon City
WAREHOUSE: 137 General Evangelista, Bagong Barrio West, Caloocan City (TOYOTA EDSA BALINTAWAK)
Telefax: +632 5018841 Tel Number: +632 7117 38 45 Mobile : +63 9292 777 888 +63 9155 588 588; +63 9308 334 455
Email Us: jetflarecorp@gmail.com & jetflaresales@gmail.com","QUEZON CITY OFFICE: 27 Felix Manalo St. Pinagkaisahan, Cubao Quezon City WAREHOUSE: 137 General Evangelista, Bagong Barrio West, Caloocan City (TOYOTA EDSA BALINTAWAK) Telefax: +632 5018841 Tel Number: +632 7117 38 45 Mobile : +63 9292 777 888 +63 9155 588 588; +63 9308 334 455 Email Us: jetflarecorp@gmail.com & jetflaresales@gmail.com"
28,GOULDS,11,AUTO_SHAPE (1),0.633,8.281,1.709,0.703,"SUBMERSIBLE
MULTI-STAGE",SUBMERSIBLE MULTI-STAGE
28,GOULDS,15,AUTO_SHAPE (1),0.099,0.042,0.738,0.569,28,28
29,"25 HP | 33,500",2,AUTO_SHAPE (1),0.705,7.031,2.428,0.403,DESIEL ENGINE ONLY,DESIEL ENGINE ONLY
29,"25 HP | 33,500",8,AUTO_SHAPE (1),0.408,3.427,2.703,0.403,ELECTRIC MOTOR ONLY,ELECTRIC MOTOR ONLY
29,"25 HP | 33,500",10,AUTO_SHAPE (1),0.099,0.042,0.738,0.569,29,29
30,FIRE PUMP & JOCKEY PUMP w/ Controller – Set,2,AUTO_SHAPE (1),-0.346,9.048,8.191,1.07,"QUEZON CITY OFFICE: 27 Felix Manalo St. Pinagkaisahan, Cubao Quezon City
WAREHOUSE: 137 General Evangelista, Bagong Barrio West, Caloocan City (TOYOTA EDSA BALINTAWAK)
Telefax: +632 5018841 Tel Number: +632 7117 38 45 Mobile : +63 9292 777 888 +63 9155 588 588; +63 9308 334 455
Email Us: jetflarecorp@gmail.com & jetflaresales@gmail.com","QUEZON CITY OFFICE: 27 Felix Manalo St. Pinagkaisahan, Cubao Quezon City WAREHOUSE: 137 General Evangelista, Bagong Barrio West, Caloocan City (TOYOTA EDSA BALINTAWAK) Telefax: +632 5018841 Tel Number: +632 7117 38 45 Mobile : +63 9292 777 888 +63 9155 588 588; +63 9308 334 455 Email Us: jetflarecorp@gmail.com & jetflaresales@gmail.com"
30,FIRE PUMP & JOCKEY PUMP w/ Controller – Set,4,AUTO_SHAPE (1),0.502,0.393,6.649,1.303,"FIRE PUMP & JOCKEY PUMP
w/ Controller – Set",FIRE PUMP & JOCKEY PUMP w/ Controller – Set
30,FIRE PUMP & JOCKEY PUMP w/ Controller – Set,8,AUTO_SHAPE (1),0.382,8.202,6.109,0.703,"NOTE:
If no available Stocks China brand (lead time 45- 80 days)",NOTE: If no available Stocks China brand (lead time 45- 80 days)
30,FIRE PUMP & JOCKEY PUMP w/ Controller – Set,10,AUTO_SHAPE (1),0.099,0.042,0.738,0.569,30,30
31,FIRE PUMP & JOCKEY PUMP w/ Controller – Set (non- UL),2,AUTO_SHAPE (1),-0.346,9.048,8.191,1.404,"QUEZON CITY OFFICE: 27 Felix Manalo St. Pinagkaisahan, Cubao Quezon City
WAREHOUSE: 137 General Evangelista, Bagong Barrio West, Caloocan City (TOYOTA EDSA BALINTAWAK)
Telefax: +632 5018841","QUEZON CITY OFFICE: 27 Felix Manalo St. Pinagkaisahan, Cubao Quezon City WAREHOUSE: 137 General Evangelista, Bagong Barrio West, Caloocan City (TOYOTA EDSA BALINTAWAK) Telefax: +632 5018841"
31,FIRE PUMP & JOCKEY PUMP w/ Controller – Set (non- UL),4,AUTO_SHAPE (1),0.583,0.618,6.649,1.303,"FIRE PUMP & JOCKEY PUMP
w/ Controller – Set (non- UL)",FIRE PUMP & JOCKEY PUMP w/ Controller – Set (non- UL)
31,FIRE PUMP & JOCKEY PUMP w/ Controller – Set (non- UL),8,AUTO_SHAPE (1),0.382,8.202,6.109,0.703,"NOTE:
If no available Stocks China brand (lead time 45- 80 days)",NOTE: If no available Stocks China brand (lead time 45- 80 days)
31,FIRE PUMP & JOCKEY PUMP w/ Controller – Set (non- UL),9,AUTO_SHAPE (1),0.099,0.042,0.738,0.569,31,31
32,FIRE PUMP & JOCKEY PUMP w/ Controller – Set,2,AUTO_SHAPE (1),-0.346,9.048,8.191,1.07,"QUEZON CITY OFFICE: 27 Felix Manalo St. Pinagkaisahan, Cubao Quezon City
WAREHOUSE: 137 General Evangelista, Bagong Barrio West, Caloocan City (TOYOTA EDSA BALINTAWAK)
Telefax: +632 5018841 Tel Number: +632 7117 38 45 Mobile : +63 9292 777 888 +63 9155 588 588; +63 9308 334 455
Email Us: jetflarecorp@gmail.com & jetflaresales@gmail.com","QUEZON CITY OFFICE: 27 Felix Manalo St. Pinagkaisahan, Cubao Quezon City WAREHOUSE: 137 General Evangelista, Bagong Barrio West, Caloocan City (TOYOTA EDSA BALINTAWAK) Telefax: +632 5018841 Tel Number: +632 7117 38 45 Mobile : +63 9292 777 888 +63 9155 588 588; +63 9308 334 455 Email Us: jetflarecorp@gmail.com & jetflaresales@gmail.com"
32,FIRE PUMP & JOCKEY PUMP w/ Controller – Set,4,AUTO_SHAPE (1),0.467,0.531,6.649,1.303,"FIRE PUMP & JOCKEY PUMP
w/ Controller – Set",FIRE PUMP & JOCKEY PUMP w/ Controller – Set
32,FIRE PUMP & JOCKEY PUMP w/ Controller – Set,8,AUTO_SHAPE (1),0.375,8.102,6.109,1.003,"NOTE:
If no available Stocks China brand (lead time 45- 80 days)",NOTE: If no available Stocks China brand (lead time 45- 80 days)
32,FIRE PUMP & JOCKEY PUMP w/ Controller – Set,11,AUTO_SHAPE (1),0.099,0.042,0.738,0.569,32,32
33,FIRE PUMP & JOCKEY PUMP UL/FM Set ( Eaton Cutler Hammer Controller ),2,AUTO_SHAPE (1),-0.346,9.048,8.191,1.07,"QUEZON CITY OFFICE: 27 Felix Manalo St. Pinagkaisahan, Cubao Quezon City
WAREHOUSE: 137 General Evangelista, Bagong Barrio West, Caloocan City (TOYOTA EDSA BALINTAWAK)
Telefax: +632 5018841 Tel Number: +632 7117 38 45 Mobile : +63 9292 777 888 +63 9155 588 588; +63 9308 334 455
Email Us: jetflarecorp@gmail.com & jetflaresales@gmail.com","QUEZON CITY OFFICE: 27 Felix Manalo St. Pinagkaisahan, Cubao Quezon City WAREHOUSE: 137 General Evangelista, Bagong Barrio West, Caloocan City (TOYOTA EDSA BALINTAWAK) Telefax: +632 5018841 Tel Number: +632 7117 38 45 Mobile : +63 9292 777 888 +63 9155 588 588; +63 9308 334 455 Email Us: jetflarecorp@gmail.com & jetflaresales@gmail.com"
33,FIRE PUMP & JOCKEY PUMP UL/FM Set ( Eaton Cutler Hammer Controller ),4,AUTO_SHAPE (1),0.438,0.55,6.649,1.303,"FIRE PUMP & JOCKEY PUMP
UL/FM Set ( Eaton Cutler Hammer Controller )",FIRE PUMP & JOCKEY PUMP UL/FM Set ( Eaton Cutler Hammer Controller )
33,FIRE PUMP & JOCKEY PUMP UL/FM Set ( Eaton Cutler Hammer Controller ),8,AUTO_SHAPE (1),0.667,1.766,6.141,1.003,"With Water Flow Meter, Pressure Relief Valve, Waste cone","With Water Flow Meter, Pressure Relief Valve, Waste cone"
33,FIRE PUMP & JOCKEY PUMP UL/FM Set ( Eaton Cutler Hammer Controller ),11,AUTO_SHAPE (1),0.099,0.042,0.738,0.569,33,33
34,FIRE PUMP & JOCKEY PUMP UL/FM Set ( Eaton Cutler Hammer Controller ),2,AUTO_SHAPE (1),-0.346,9.048,8.191,1.07,"QUEZON CITY OFFICE: 27 Felix Manalo St. Pinagkaisahan, Cubao Quezon City
WAREHOUSE: 137 General Evangelista, Bagong Barrio West, Caloocan City (TOYOTA EDSA BALINTAWAK)
Telefax: +632 5018841 Tel Number: +632 7117 38 45 Mobile : +63 9292 777 888 +63 9155 588 588; +63 9308 334 455
Email Us: jetflarecorp@gmail.com & jetflaresales@gmail.com","QUEZON CITY OFFICE: 27 Felix Manalo St. Pinagkaisahan, Cubao Quezon City WAREHOUSE: 137 General Evangelista, Bagong Barrio West, Caloocan City (TOYOTA EDSA BALINTAWAK) Telefax: +632 5018841 Tel Number: +632 7117 38 45 Mobile : +63 9292 777 888 +63 9155 588 588; +63 9308 334 455 Email Us: jetflarecorp@gmail.com & jetflaresales@gmail.com"
34,FIRE PUMP & JOCKEY PUMP UL/FM Set ( Eaton Cutler Hammer Controller ),4,AUTO_SHAPE (1),0.502,0.698,6.649,1.303,"FIRE PUMP & JOCKEY PUMP
UL/FM Set ( Eaton Cutler Hammer Controller )",FIRE PUMP & JOCKEY PUMP UL/FM Set ( Eaton Cutler Hammer Controller )
34,FIRE PUMP & JOCKEY PUMP UL/FM Set ( Eaton Cutler Hammer Controller ),11,AUTO_SHAPE (1),0.099,0.042,0.738,0.569,34,34
35,FIRE PUMP | JOCKEY PUMP | CAPACITY & PRESSURE | HORIZONTAL SET,1,AUTO_SHAPE (1),0.207,0.196,7.061,9.12,-,-
35,FIRE PUMP | JOCKEY PUMP | CAPACITY & PRESSURE | HORIZONTAL SET,2,AUTO_SHAPE (1),-0.346,9.316,8.191,0.77,"WAREHOUSE: 137 General Evangelista, Bagong Barrio West, Caloocan City (TOYOTA EDSA BALINTAWAK)
Telefax: +632 5018841 Tel Number: +632 7117 38 45 Mobile : +63 9292 777 888 +63 9155 588 588; +63 9308 334 455
Email Us: jetflarecorp@gmail.com & jetflaresales@gmail.com","WAREHOUSE: 137 General Evangelista, Bagong Barrio West, Caloocan City (TOYOTA EDSA BALINTAWAK) Telefax: +632 5018841 Tel Number: +632 7117 38 45 Mobile : +63 9292 777 888 +63 9155 588 588; +63 9308 334 455 Email Us: jetflarecorp@gmail.com & jetflaresales@gmail.com"
35,FIRE PUMP | JOCKEY PUMP | CAPACITY & PRESSURE | HORIZONTAL SET,13,AUTO_SHAPE (1),0.099,0.042,0.738,0.569,35,35
36,FIRE PUMP | Controller | CAPACITY & PRESSURE | FIRE PUMP + CONTROLLER,1,AUTO_SHAPE (1),0.207,0.196,7.061,9.12,-,-
36,FIRE PUMP | Controller | CAPACITY & PRESSURE | FIRE PUMP + CONTROLLER,2,AUTO_SHAPE (1),-0.346,9.316,8.191,0.77,"WAREHOUSE: 137 General Evangelista, Bagong Barrio West, Caloocan City (TOYOTA EDSA BALINTAWAK)
Telefax: +632 5018841 Tel Number: +632 7117 38 45 Mobile : +63 9292 777 888 +63 9155 588 588; +63 9308 334 455
Email Us: jetflarecorp@gmail.com & jetflaresales@gmail.com","WAREHOUSE: 137 General Evangelista, Bagong Barrio West, Caloocan City (TOYOTA EDSA BALINTAWAK) Telefax: +632 5018841 Tel Number: +632 7117 38 45 Mobile : +63 9292 777 888 +63 9155 588 588; +63 9308 334 455 Email Us: jetflarecorp@gmail.com & jetflaresales@gmail.com"
36,FIRE PUMP | Controller | CAPACITY & PRESSURE | FIRE PUMP + CONTROLLER,13,AUTO_SHAPE (1),0.099,0.042,0.738,0.569,36,36
37,FIRE PUMP | JOCKEY PUMP | VERTICAL SET | CAPACITY & PRESSURE,1,AUTO_SHAPE (1),0.207,0.196,7.061,9.12,-,-
37,FIRE PUMP | JOCKEY PUMP | VERTICAL SET | CAPACITY & PRESSURE,2,AUTO_SHAPE (1),-0.346,9.316,8.191,0.77,"WAREHOUSE: 137 General Evangelista, Bagong Barrio West, Caloocan City (TOYOTA EDSA BALINTAWAK)
Telefax: +632 5018841 Tel Number: +632 7117 38 45 Mobile : +63 9292 777 888 +63 9155 588 588; +63 9308 334 455
Email Us: jetflarecorp@gmail.com & jetflaresales@gmail.com","WAREHOUSE: 137 General Evangelista, Bagong Barrio West, Caloocan City (TOYOTA EDSA BALINTAWAK) Telefax: +632 5018841 Tel Number: +632 7117 38 45 Mobile : +63 9292 777 888 +63 9155 588 588; +63 9308 334 455 Email Us: jetflarecorp@gmail.com & jetflaresales@gmail.com"
37,FIRE PUMP | JOCKEY PUMP | VERTICAL SET | CAPACITY & PRESSURE,11,AUTO_SHAPE (1),0.099,0.042,0.738,0.569,37,37
38,FIRE PUMP | JOCKEY PUMP | SET,2,AUTO_SHAPE (1),-0.346,9.316,8.191,0.77,"WAREHOUSE: 137 General Evangelista, Bagong Barrio West, Caloocan City (TOYOTA EDSA BALINTAWAK)
Telefax: +632 5018841 Tel Number: +632 7117 38 45 Mobile : +63 9292 777 888 +63 9155 588 588; +63 9308 334 455
Email Us: jetflarecorp@gmail.com & jetflaresales@gmail.com","WAREHOUSE: 137 General Evangelista, Bagong Barrio West, Caloocan City (TOYOTA EDSA BALINTAWAK) Telefax: +632 5018841 Tel Number: +632 7117 38 45 Mobile : +63 9292 777 888 +63 9155 588 588; +63 9308 334 455 Email Us: jetflarecorp@gmail.com & jetflaresales@gmail.com"
38,FIRE PUMP | JOCKEY PUMP | SET,17,AUTO_SHAPE (1),0.099,0.042,0.738,0.391,38,38
39,FIRE PUMP | JOCKEY PUMP | SET,1,AUTO_SHAPE (1),-0.346,9.316,8.191,0.77,"WAREHOUSE: 137 General Evangelista, Bagong Barrio West, Caloocan City (TOYOTA EDSA BALINTAWAK)
Telefax: +632 5018841 Tel Number: +632 7117 38 45 Mobile : +63 9292 777 888 +63 9155 588 588; +63 9308 334 455
Email Us: jetflarecorp@gmail.com & jetflaresales@gmail.com","WAREHOUSE: 137 General Evangelista, Bagong Barrio West, Caloocan City (TOYOTA EDSA BALINTAWAK) Telefax: +632 5018841 Tel Number: +632 7117 38 45 Mobile : +63 9292 777 888 +63 9155 588 588; +63 9308 334 455 Email Us: jetflarecorp@gmail.com & jetflaresales@gmail.com"
39,FIRE PUMP | JOCKEY PUMP | SET,17,AUTO_SHAPE (1),0.099,0.042,0.738,0.391,39,39
40,Horizontal Split Case Fire Pump Assembly – Electric – Streamplus Brand Australia -,6,AUTO_SHAPE (1),0.53,9.298,6.822,0.502,"ALL RIGHTS RESERVED. PHILIPPINE COPYRIGHT 2012
© Trade marks are registered properties of their owners. Equipment and parts that we use are so marked and are made integral with
our business as such as legitimate and applicable reliable system components.",ALL RIGHTS RESERVED. PHILIPPINE COPYRIGHT 2012 © Trade marks are registered properties of their owners. Equipment and parts that we use are so marked and are made integral with our business as such as legitimate and applicable reliable system components.
40,Horizontal Split Case Fire Pump Assembly – Electric – Streamplus Brand Australia -,7,AUTO_SHAPE (1),3.941,2.628,3.217,0.503,"World-class systems, design, equipment
and services…","World-class systems, design, equipment and services…"
40,Horizontal Split Case Fire Pump Assembly – Electric – Streamplus Brand Australia -,8,AUTO_SHAPE (1),2.496,1.771,0.387,0.369,®,®
40,Horizontal Split Case Fire Pump Assembly – Electric – Streamplus Brand Australia -,11,AUTO_SHAPE (1),1.133,2.431,2.31,0.404,"Serving Philippine Water Industry
Since 1989",Serving Philippine Water Industry Since 1989
40,Horizontal Split Case Fire Pump Assembly – Electric – Streamplus Brand Australia -,14,AUTO_SHAPE (1),-0.016,3.581,4.469,1.403,"Horizontal Split Case
Fire Pump Assembly – Electric
– Streamplus Brand Australia -",Horizontal Split Case Fire Pump Assembly – Electric – Streamplus Brand Australia -
40,Horizontal Split Case Fire Pump Assembly – Electric – Streamplus Brand Australia -,15,AUTO_SHAPE (1),0.458,8.154,3.602,1.504,"Accessories: Fire & Jockey Pump
Wet Alarm Check Valve, OS & Y Gate Valve,
Return Gate Valve, Pressure Relief Valve,
Check Valve, Flexible Connector, Controller","Accessories: Fire & Jockey Pump Wet Alarm Check Valve, OS & Y Gate Valve, Return Gate Valve, Pressure Relief Valve, Check Valve, Flexible Connector, Controller"
40,Horizontal Split Case Fire Pump Assembly – Electric – Streamplus Brand Australia -,19,AUTO_SHAPE (1),0.099,0.042,0.738,0.391,40,40
41,Horizontal Split Case Fire Pump Assembly – Electric – PURITY CHINA BRAND-,6,AUTO_SHAPE (1),0.53,9.298,6.822,0.502,"ALL RIGHTS RESERVED. PHILIPPINE COPYRIGHT 2012
© Trade marks are registered properties of their owners. Equipment and parts that we use are so marked and are made integral with
our business as such as legitimate and applicable reliable system components.",ALL RIGHTS RESERVED. PHILIPPINE COPYRIGHT 2012 © Trade marks are registered properties of their owners. Equipment and parts that we use are so marked and are made integral with our business as such as legitimate and applicable reliable system components.
41,Horizontal Split Case Fire Pump Assembly – Electric – PURITY CHINA BRAND-,7,AUTO_SHAPE (1),3.941,2.628,3.217,0.503,"World-class systems, design, equipment
and services…","World-class systems, design, equipment and services…"
41,Horizontal Split Case Fire Pump Assembly – Electric – PURITY CHINA BRAND-,8,AUTO_SHAPE (1),2.496,1.771,0.387,0.369,®,®
41,Horizontal Split Case Fire Pump Assembly – Electric – PURITY CHINA BRAND-,11,AUTO_SHAPE (1),1.133,2.431,2.31,0.404,"Serving Philippine Water Industry
Since 1989",Serving Philippine Water Industry Since 1989
41,Horizontal Split Case Fire Pump Assembly – Electric – PURITY CHINA BRAND-,14,AUTO_SHAPE (1),-0.016,3.581,4.469,1.403,"Horizontal Split Case
Fire Pump Assembly – Electric
– PURITY CHINA BRAND-",Horizontal Split Case Fire Pump Assembly – Electric – PURITY CHINA BRAND-
41,Horizontal Split Case Fire Pump Assembly – Electric – PURITY CHINA BRAND-,15,AUTO_SHAPE (1),0.458,8.154,3.602,1.504,"Accessories: Fire & Jockey Pump
Wet Alarm Check Valve, OS & Y Gate Valve,
Return Gate Valve, Pressure Relief Valve,
Check Valve, Flexible Connector, Controller","Accessories: Fire & Jockey Pump Wet Alarm Check Valve, OS & Y Gate Valve, Return Gate Valve, Pressure Relief Valve, Check Valve, Flexible Connector, Controller"
41,Horizontal Split Case Fire Pump Assembly – Electric – PURITY CHINA BRAND-,18,AUTO_SHAPE (1),0.099,0.042,0.738,0.391,41,41
42,Horizontal End Suction Fire Pump Assembly- Electric – Streamplus Brand Australia -,7,AUTO_SHAPE (1),0.53,9.298,6.822,0.502,"ALL RIGHTS RESERVED. PHILIPPINE COPYRIGHT 2012
© Trade marks are registered properties of their owners. Equipment and parts that we use are so marked and are made integral with
our business as such as legitimate and applicable reliable system components.",ALL RIGHTS RESERVED. PHILIPPINE COPYRIGHT 2012 © Trade marks are registered properties of their owners. Equipment and parts that we use are so marked and are made integral with our business as such as legitimate and applicable reliable system components.
42,Horizontal End Suction Fire Pump Assembly- Electric – Streamplus Brand Australia -,8,AUTO_SHAPE (1),3.941,2.628,3.217,0.503,"World-class systems, design, equipment
and services…","World-class systems, design, equipment and services…"
42,Horizontal End Suction Fire Pump Assembly- Electric – Streamplus Brand Australia -,9,AUTO_SHAPE (1),2.496,1.771,0.387,0.369,®,®
42,Horizontal End Suction Fire Pump Assembly- Electric – Streamplus Brand Australia -,12,AUTO_SHAPE (1),1.133,2.431,2.31,0.404,"Serving Philippine Water Industry
Since 1989",Serving Philippine Water Industry Since 1989
42,Horizontal End Suction Fire Pump Assembly- Electric – Streamplus Brand Australia -,14,AUTO_SHAPE (1),0.0,3.5,4.281,1.403,"Horizontal End Suction
Fire Pump Assembly- Electric
– Streamplus Brand Australia -",Horizontal End Suction Fire Pump Assembly- Electric – Streamplus Brand Australia -
42,Horizontal End Suction Fire Pump Assembly- Electric – Streamplus Brand Australia -,15,AUTO_SHAPE (1),0.469,8.203,3.602,1.504,"Accessories: Fire & Jockey Pump
Wet Alarm Check Valve, OS & Y Gate Valve,
Return Gate Valve, Pressure Relief Valve,
Check Valve, Flexible Connector, Controller","Accessories: Fire & Jockey Pump Wet Alarm Check Valve, OS & Y Gate Valve, Return Gate Valve, Pressure Relief Valve, Check Valve, Flexible Connector, Controller"
42,Horizontal End Suction Fire Pump Assembly- Electric – Streamplus Brand Australia -,18,AUTO_SHAPE (1),3.941,2.628,3.217,0.503,"World-class systems, design, equipment
and services…","World-class systems, design, equipment and services…"
42,Horizontal End Suction Fire Pump Assembly- Electric – Streamplus Brand Australia -,21,AUTO_SHAPE (1),0.099,0.042,0.738,0.391,42,42
43,Horizontal End Suction and Vertical Inline Fire Pump Assembly – Electric– Purity Brand China -,6,AUTO_SHAPE (1),0.53,9.298,6.822,0.502,"ALL RIGHTS RESERVED. PHILIPPINE COPYRIGHT 2012
© Trade marks are registered properties of their owners. Equipment and parts that we use are so marked and are made integral with
our business as such as legitimate and applicable reliable system components.",ALL RIGHTS RESERVED. PHILIPPINE COPYRIGHT 2012 © Trade marks are registered properties of their owners. Equipment and parts that we use are so marked and are made integral with our business as such as legitimate and applicable reliable system components.
43,Horizontal End Suction and Vertical Inline Fire Pump Assembly – Electric– Purity Brand China -,7,AUTO_SHAPE (1),3.941,2.628,3.217,0.503,"World-class systems, design, equipment
and services…","World-class systems, design, equipment and services…"
43,Horizontal End Suction and Vertical Inline Fire Pump Assembly – Electric– Purity Brand China -,8,AUTO_SHAPE (1),2.496,1.771,0.387,0.369,®,®
43,Horizontal End Suction and Vertical Inline Fire Pump Assembly – Electric– Purity Brand China -,11,AUTO_SHAPE (1),1.133,2.431,2.31,0.404,"Serving Philippine Water Industry
Since 1989",Serving Philippine Water Industry Since 1989
43,Horizontal End Suction and Vertical Inline Fire Pump Assembly – Electric– Purity Brand China -,13,AUTO_SHAPE (1),0.0,3.125,3.771,1.437,"Horizontal End Suction
and Vertical Inline
Fire Pump Assembly –
Electric– Purity Brand China -",Horizontal End Suction and Vertical Inline Fire Pump Assembly – Electric– Purity Brand China -
43,Horizontal End Suction and Vertical Inline Fire Pump Assembly – Electric– Purity Brand China -,14,AUTO_SHAPE (1),3.672,8.203,3.602,1.037,"Accessories: Fire & Jockey Pump
OS & Y Gate Valve,Return Gate Valve, Pressure Relief Valve, Check Valve, Flexible Connector, Controller","Accessories: Fire & Jockey Pump OS & Y Gate Valve,Return Gate Valve, Pressure Relief Valve, Check Valve, Flexible Connector, Controller"
43,Horizontal End Suction and Vertical Inline Fire Pump Assembly – Electric– Purity Brand China -,18,AUTO_SHAPE (1),4.141,7.891,2.422,0.403,CLOSE COUPLED,CLOSE COUPLED
43,Horizontal End Suction and Vertical Inline Fire Pump Assembly – Electric– Purity Brand China -,20,AUTO_SHAPE (1),0.099,0.042,0.738,0.391,43,43
44,"10Hp /3Hp Purity – Single Phase via inverter Controller with Threaded fitting no PRV Php -157,500.00 Php – 136,500.00 Set Only",3,AUTO_SHAPE (1),0.469,0.781,3.281,1.903,"10Hp /3Hp Purity – Single Phase via inverter Controller with Threaded fitting no PRV

Php -157,500.00
Php – 136,500.00 Set Only","10Hp /3Hp Purity – Single Phase via inverter Controller with Threaded fitting no PRV Php -157,500.00 Php – 136,500.00 Set Only"
44,"10Hp /3Hp Purity – Single Phase via inverter Controller with Threaded fitting no PRV Php -157,500.00 Php – 136,500.00 Set Only",5,AUTO_SHAPE (1),0.391,3.828,3.281,1.903,"10Hp /3Hp Streamplus
– Single Phase Controller with Threaded fitting no PRV

Php -178,500.00
Php – 157,500.00 Set Only","10Hp /3Hp Streamplus – Single Phase Controller with Threaded fitting no PRV Php -178,500.00 Php – 157,500.00 Set Only"
44,"10Hp /3Hp Purity – Single Phase via inverter Controller with Threaded fitting no PRV Php -157,500.00 Php – 136,500.00 Set Only",8,AUTO_SHAPE (1),0.703,7.031,3.281,1.903,"5Hp /3Hp Purity – Single Phase Controller with Threaded fitting no PRV

Php -135,000.00","5Hp /3Hp Purity – Single Phase Controller with Threaded fitting no PRV Php -135,000.00"
44,"10Hp /3Hp Purity – Single Phase via inverter Controller with Threaded fitting no PRV Php -157,500.00 Php – 136,500.00 Set Only",9,AUTO_SHAPE (1),0.099,0.042,0.738,0.391,44,44
45,"10Hp /3Hp Purity – Single Phase via inverter Controller with flange type fitting no PRV Php -163,000.00 -Assembly Php – 136,500.00 Set Only",3,AUTO_SHAPE (1),0.469,0.781,3.437,1.903,"10Hp /3Hp Purity – Single Phase via inverter Controller with flange type fitting no PRV

Php -163,000.00 -Assembly
Php – 136,500.00 Set Only","10Hp /3Hp Purity – Single Phase via inverter Controller with flange type fitting no PRV Php -163,000.00 -Assembly Php – 136,500.00 Set Only"
45,"10Hp /3Hp Purity – Single Phase via inverter Controller with flange type fitting no PRV Php -163,000.00 -Assembly Php – 136,500.00 Set Only",5,AUTO_SHAPE (1),0.234,3.281,3.438,3.703,"10Hp /3Hp Streamplus
– Single Phase Controller with flange type fitting no PRV

Php -187,000.00 -Assembly
Php – 157,500.00 Set Only

10Hp /3Hp PURITY
Php -181,000.00 -Assembly
Php – 152,500.00 Set Only","10Hp /3Hp Streamplus – Single Phase Controller with flange type fitting no PRV Php -187,000.00 -Assembly Php – 157,500.00 Set Only 10Hp /3Hp PURITY Php -181,000.00 -Assembly Php – 152,500.00 Set Only"
45,"10Hp /3Hp Purity – Single Phase via inverter Controller with flange type fitting no PRV Php -163,000.00 -Assembly Php – 136,500.00 Set Only",8,AUTO_SHAPE (1),0.937,7.5,3.281,1.903,"5Hp /3Hp Purity – Single Phase Controller with flange type fitting no PRV

Php -142,000.00","5Hp /3Hp Purity – Single Phase Controller with flange type fitting no PRV Php -142,000.00"
45,"10Hp /3Hp Purity – Single Phase via inverter Controller with flange type fitting no PRV Php -163,000.00 -Assembly Php – 136,500.00 Set Only",9,AUTO_SHAPE (1),0.099,0.042,0.738,0.391,45,45
46,Horizontal End Suction and Vertical Inline Fire Pump Assembly – Electric– Purity Brand China -,6,AUTO_SHAPE (1),0.53,9.298,6.822,0.502,"ALL RIGHTS RESERVED. PHILIPPINE COPYRIGHT 2012
© Trade marks are registered properties of their owners. Equipment and parts that we use are so marked and are made integral with
our business as such as legitimate and applicable reliable system components.",ALL RIGHTS RESERVED. PHILIPPINE COPYRIGHT 2012 © Trade marks are registered properties of their owners. Equipment and parts that we use are so marked and are made integral with our business as such as legitimate and applicable reliable system components.
46,Horizontal End Suction and Vertical Inline Fire Pump Assembly – Electric– Purity Brand China -,7,AUTO_SHAPE (1),3.941,2.628,3.217,0.503,"World-class systems, design, equipment
and services…","World-class systems, design, equipment and services…"
46,Horizontal End Suction and Vertical Inline Fire Pump Assembly – Electric– Purity Brand China -,8,AUTO_SHAPE (1),2.496,1.771,0.387,0.369,®,®
46,Horizontal End Suction and Vertical Inline Fire Pump Assembly – Electric– Purity Brand China -,11,AUTO_SHAPE (1),1.133,2.431,2.31,0.404,"Serving Philippine Water Industry
Since 1989",Serving Philippine Water Industry Since 1989
46,Horizontal End Suction and Vertical Inline Fire Pump Assembly – Electric– Purity Brand China -,13,AUTO_SHAPE (1),0.0,3.125,3.771,1.437,"Horizontal End Suction
and Vertical Inline
Fire Pump Assembly –
Electric– Purity Brand China -",Horizontal End Suction and Vertical Inline Fire Pump Assembly – Electric– Purity Brand China -
46,Horizontal End Suction and Vertical Inline Fire Pump Assembly – Electric– Purity Brand China -,14,AUTO_SHAPE (1),3.125,7.734,4.071,1.27,"Accessories: Fire & Jockey Pump
OS & Y Gate Valve, Return Gate Valve, Pressure Relief Valve, Check Valve, Flexible Connector, Controller","Accessories: Fire & Jockey Pump OS & Y Gate Valve, Return Gate Valve, Pressure Relief Valve, Check Valve, Flexible Connector, Controller"
46,Horizontal End Suction and Vertical Inline Fire Pump Assembly – Electric– Purity Brand China -,17,AUTO_SHAPE (1),3.594,7.187,3.516,0.403,PEJ – MODEL ( Base plate ),PEJ – MODEL ( Base plate )
46,Horizontal End Suction and Vertical Inline Fire Pump Assembly – Electric– Purity Brand China -,20,AUTO_SHAPE (1),0.099,0.042,0.738,0.391,46,46
47,Horizontal End Suction Fire Pump Assembly – Electric – Purity Brand China -,6,AUTO_SHAPE (1),0.53,9.298,6.822,0.502,"ALL RIGHTS RESERVED. PHILIPPINE COPYRIGHT 2012
© Trade marks are registered properties of their owners. Equipment and parts that we use are so marked and are made integral with
our business as such as legitimate and applicable reliable system components.",ALL RIGHTS RESERVED. PHILIPPINE COPYRIGHT 2012 © Trade marks are registered properties of their owners. Equipment and parts that we use are so marked and are made integral with our business as such as legitimate and applicable reliable system components.
47,Horizontal End Suction Fire Pump Assembly – Electric – Purity Brand China -,7,AUTO_SHAPE (1),3.941,2.628,3.217,0.503,"World-class systems, design, equipment
and services…","World-class systems, design, equipment and services…"
47,Horizontal End Suction Fire Pump Assembly – Electric – Purity Brand China -,8,AUTO_SHAPE (1),2.496,1.771,0.387,0.369,®,®
47,Horizontal End Suction Fire Pump Assembly – Electric – Purity Brand China -,11,AUTO_SHAPE (1),1.133,2.431,2.31,0.404,"Serving Philippine Water Industry
Since 1989",Serving Philippine Water Industry Since 1989
47,Horizontal End Suction Fire Pump Assembly – Electric – Purity Brand China -,13,AUTO_SHAPE (1),0.0,3.125,4.281,1.403,"Horizontal End Suction
Fire Pump Assembly – Electric
– Purity Brand China -",Horizontal End Suction Fire Pump Assembly – Electric – Purity Brand China -
47,Horizontal End Suction Fire Pump Assembly – Electric – Purity Brand China -,14,AUTO_SHAPE (1),0.458,8.154,3.602,1.504,"Accessories: Fire & Jockey Pump
Wet Alarm Check Valve, OS & Y Gate Valve,
Return Gate Valve, Pressure Relief Valve,
Check Valve, Flexible Connector, Controller","Accessories: Fire & Jockey Pump Wet Alarm Check Valve, OS & Y Gate Valve, Return Gate Valve, Pressure Relief Valve, Check Valve, Flexible Connector, Controller"
47,Horizontal End Suction Fire Pump Assembly – Electric – Purity Brand China -,20,AUTO_SHAPE (1),0.099,0.042,0.738,0.391,47,47
48,Horizontal End Suction Fire Pump Assembly- Diesel Engine Driven – Streamplus Brand Australia -,6,AUTO_SHAPE (1),0.53,9.298,6.822,0.502,"ALL RIGHTS RESERVED. PHILIPPINE COPYRIGHT 2012
© Trade marks are registered properties of their owners. Equipment and parts that we use are so marked and are made integral with
our business as such as legitimate and applicable reliable system components.",ALL RIGHTS RESERVED. PHILIPPINE COPYRIGHT 2012 © Trade marks are registered properties of their owners. Equipment and parts that we use are so marked and are made integral with our business as such as legitimate and applicable reliable system components.
48,Horizontal End Suction Fire Pump Assembly- Diesel Engine Driven – Streamplus Brand Australia -,7,AUTO_SHAPE (1),3.941,2.628,3.217,0.503,"World-class systems, design, equipment
and services…","World-class systems, design, equipment and services…"
48,Horizontal End Suction Fire Pump Assembly- Diesel Engine Driven – Streamplus Brand Australia -,8,AUTO_SHAPE (1),2.496,1.771,0.387,0.369,®,®
48,Horizontal End Suction Fire Pump Assembly- Diesel Engine Driven – Streamplus Brand Australia -,11,AUTO_SHAPE (1),1.133,2.431,2.31,0.404,"Serving Philippine Water Industry
Since 1989",Serving Philippine Water Industry Since 1989
48,Horizontal End Suction Fire Pump Assembly- Diesel Engine Driven – Streamplus Brand Australia -,13,AUTO_SHAPE (1),0.048,3.234,4.281,1.403,"Horizontal End Suction
Fire Pump Assembly-
Diesel Engine Driven
– Streamplus Brand Australia -",Horizontal End Suction Fire Pump Assembly- Diesel Engine Driven – Streamplus Brand Australia -
48,Horizontal End Suction Fire Pump Assembly- Diesel Engine Driven – Streamplus Brand Australia -,14,AUTO_SHAPE (1),0.458,8.154,3.602,1.504,"Accessories: Fire & Jockey Pump
Wet Alarm Check Valve, OS & Y Gate Valve,
Return Gate Valve, Pressure Relief Valve,
Check Valve, Flexible Connector, Controller","Accessories: Fire & Jockey Pump Wet Alarm Check Valve, OS & Y Gate Valve, Return Gate Valve, Pressure Relief Valve, Check Valve, Flexible Connector, Controller"
48,Horizontal End Suction Fire Pump Assembly- Diesel Engine Driven – Streamplus Brand Australia -,20,AUTO_SHAPE (1),0.099,0.042,0.738,0.391,48,48
49,Horizontal Split Case Fire Pump Assembly- Diesel Driven – PURITY Brand China -,6,AUTO_SHAPE (1),0.53,9.298,6.822,0.502,"ALL RIGHTS RESERVED. PHILIPPINE COPYRIGHT 2012
© Trade marks are registered properties of their owners. Equipment and parts that we use are so marked and are made integral with
our business as such as legitimate and applicable reliable system components.",ALL RIGHTS RESERVED. PHILIPPINE COPYRIGHT 2012 © Trade marks are registered properties of their owners. Equipment and parts that we use are so marked and are made integral with our business as such as legitimate and applicable reliable system components.
49,Horizontal Split Case Fire Pump Assembly- Diesel Driven – PURITY Brand China -,7,AUTO_SHAPE (1),3.941,2.628,3.217,0.503,"World-class systems, design, equipment
and services…","World-class systems, design, equipment and services…"
49,Horizontal Split Case Fire Pump Assembly- Diesel Driven – PURITY Brand China -,8,AUTO_SHAPE (1),2.496,1.771,0.387,0.369,®,®
49,Horizontal Split Case Fire Pump Assembly- Diesel Driven – PURITY Brand China -,11,AUTO_SHAPE (1),1.133,2.431,2.31,0.404,"Serving Philippine Water Industry
Since 1989",Serving Philippine Water Industry Since 1989
49,Horizontal Split Case Fire Pump Assembly- Diesel Driven – PURITY Brand China -,13,AUTO_SHAPE (1),0.048,3.234,4.281,1.403,"Horizontal Split Case
Fire Pump Assembly-
Diesel Driven
– PURITY Brand China -",Horizontal Split Case Fire Pump Assembly- Diesel Driven – PURITY Brand China -
49,Horizontal Split Case Fire Pump Assembly- Diesel Driven – PURITY Brand China -,14,AUTO_SHAPE (1),0.458,8.154,3.602,1.504,"Accessories: Fire & Jockey Pump
Wet Alarm Check Valve, OS & Y Gate Valve,
Return Gate Valve, Pressure Relief Valve,
Check Valve, Flexible Connector, Controller","Accessories: Fire & Jockey Pump Wet Alarm Check Valve, OS & Y Gate Valve, Return Gate Valve, Pressure Relief Valve, Check Valve, Flexible Connector, Controller"
49,Horizontal Split Case Fire Pump Assembly- Diesel Driven – PURITY Brand China -,24,AUTO_SHAPE (1),0.099,0.042,0.738,0.391,50,50
50,Horizontal End Suction Fire Pump Assembly- Diesel Driven – PURITY Brand China -,6,AUTO_SHAPE (1),0.53,9.298,6.822,0.502,"ALL RIGHTS RESERVED. PHILIPPINE COPYRIGHT 2012
© Trade marks are registered properties of their owners. Equipment and parts that we use are so marked and are made integral with
our business as such as legitimate and applicable reliable system components.",ALL RIGHTS RESERVED. PHILIPPINE COPYRIGHT 2012 © Trade marks are registered properties of their owners. Equipment and parts that we use are so marked and are made integral with our business as such as legitimate and applicable reliable system components.
50,Horizontal End Suction Fire Pump Assembly- Diesel Driven – PURITY Brand China -,7,AUTO_SHAPE (1),3.941,2.628,3.217,0.503,"World-class systems, design, equipment
and services…","World-class systems, design, equipment and services…"
50,Horizontal End Suction Fire Pump Assembly- Diesel Driven – PURITY Brand China -,8,AUTO_SHAPE (1),2.496,1.771,0.387,0.369,®,®
50,Horizontal End Suction Fire Pump Assembly- Diesel Driven – PURITY Brand China -,11,AUTO_SHAPE (1),1.133,2.431,2.31,0.404,"Serving Philippine Water Industry
Since 1989",Serving Philippine Water Industry Since 1989
50,Horizontal End Suction Fire Pump Assembly- Diesel Driven – PURITY Brand China -,13,AUTO_SHAPE (1),0.048,3.234,4.281,1.403,"Horizontal End Suction
Fire Pump Assembly-
Diesel Driven
– PURITY Brand China -",Horizontal End Suction Fire Pump Assembly- Diesel Driven – PURITY Brand China -
50,Horizontal End Suction Fire Pump Assembly- Diesel Driven – PURITY Brand China -,14,AUTO_SHAPE (1),0.458,8.154,3.602,1.504,"Accessories: Fire & Jockey Pump
Wet Alarm Check Valve, OS & Y Gate Valve,
Return Gate Valve, Pressure Relief Valve,
Check Valve, Flexible Connector, Controller","Accessories: Fire & Jockey Pump Wet Alarm Check Valve, OS & Y Gate Valve, Return Gate Valve, Pressure Relief Valve, Check Valve, Flexible Connector, Controller"
50,Horizontal End Suction Fire Pump Assembly- Diesel Driven – PURITY Brand China -,21,AUTO_SHAPE (1),0.099,0.042,0.738,0.391,49,49
51,U- BOLT,4,AUTO_SHAPE (1),-0.346,9.048,8.191,1.07,"WAREHOUSE: 137 General Evangelista, Bagong Barrio West, Caloocan City (TOYOTA EDSA BALINTAWAK)
Telefax: +632 5018841 Tel Number: +632 7117 38 45 Mobile : +63 9292 777 888 +63 9155 588 588; +63 9308 334 455
Email Us: jetflarecorp@gmail.com & jetflaresales@gmail.com","WAREHOUSE: 137 General Evangelista, Bagong Barrio West, Caloocan City (TOYOTA EDSA BALINTAWAK) Telefax: +632 5018841 Tel Number: +632 7117 38 45 Mobile : +63 9292 777 888 +63 9155 588 588; +63 9308 334 455 Email Us: jetflarecorp@gmail.com & jetflaresales@gmail.com"
51,U- BOLT,16,AUTO_SHAPE (1),0.099,0.042,0.738,0.391,51,51
52,NUT | WASHER,10,AUTO_SHAPE (1),3.467,3.872,1.082,0.503,Nipple,Nipple
52,NUT | WASHER,11,AUTO_SHAPE (1),5.402,3.646,1.498,0.503,Angle Bar,Angle Bar
52,NUT | WASHER,14,AUTO_SHAPE (1),0.099,0.042,0.738,0.391,52,52
53,ELECTRICAL,12,AUTO_SHAPE (1),1.278,0.069,5.215,1.003,ELECTRICAL,ELECTRICAL
53,ELECTRICAL,29,AUTO_SHAPE (1),0.099,0.042,0.738,0.391,53,53
54,TF WIRE SINGLE,16,AUTO_SHAPE (1),0.099,0.042,0.738,0.391,54,54
55,WORKINGGLOVES,31,AUTO_SHAPE (1),0.063,0.038,0.736,0.391,55,55
56,Plus 5%,12,AUTO_SHAPE (1),0.063,0.038,0.736,0.391,56,56
56,Plus 5%,13,AUTO_SHAPE (1),5.95,0.047,0.991,0.403,Plus 5%,Plus 5%
57,Black Iron - Bell Reducer - Welded,2,AUTO_SHAPE (1),0.638,0.0,6.329,0.636,Black Iron - Bell Reducer - Welded,Black Iron - Bell Reducer - Welded
57,Black Iron - Bell Reducer - Welded,7,AUTO_SHAPE (1),-0.019,0.064,0.774,0.391,57,57
58,STAINLESS TANK | PRICE,3,AUTO_SHAPE (1),0.048,9.488,0.738,0.391,58,58
59,TOOLS,13,AUTO_SHAPE (1),2.427,0.181,3.75,1.003,TOOLS,TOOLS
59,TOOLS,23,AUTO_SHAPE (1),0.063,0.038,0.736,0.391,59,59
