slide,slide_title,image_index,shape_index,file,visual_type,description,nearby_labels,x_in,y_in,w_in,h_in
1,3%,1,1,slide_01_image_01.png,Product image / visual reference,"Product image / visual reference associated with ""Price may increase with out Prior Notice"".","Price may increase with out Prior Notice | 3% | Above 1,000,000",0.554,0.033,3.366,5.953
1,3%,2,5,slide_01_image_02.png,Product image / visual reference,"Product image / visual reference associated with ""3%"".","3% | Above 1,000,000 | Price may increase with out Prior Notice",0.365,-0.393,3.78,2.788
1,3%,3,10,slide_01_image_03.png,Product image / visual reference,"Product image / visual reference associated with ""3%"".","3% | Above 1,000,000 | Price may increase with out Prior Notice",4.934,1.34,1.672,0.507
1,3%,4,11,slide_01_image_04.png,Product image / visual reference,"Product image / visual reference associated with ""3%"".","3% | Above 1,000,000 | Price may increase with out Prior Notice",3.203,1.797,1.419,1.293
1,3%,5,12,slide_01_image_05.png,Product image / visual reference,"Product image / visual reference associated with ""3%"".","3% | Price may increase with out Prior Notice | Above 1,000,000",0.326,1.787,3.92,0.913
1,3%,6,14,slide_01_image_06.png,Product image / visual reference,"Product image / visual reference associated with ""Price may increase with out Prior Notice"".","Price may increase with out Prior Notice | Above 1,000,000 | 3%",0.7,2.894,6.373,0.906
1,3%,7,15,slide_01_image_07.jpg,Product image / visual reference,"Product image / visual reference associated with ""Price may increase with out Prior Notice"".","Price may increase with out Prior Notice | Above 1,000,000 | 3%",0.962,3.359,2.651,1.759
2,OS & Y Gate Valve,1,2,slide_02_image_01.jpg,Logo / header graphic,"Logo / header graphic associated with ""OS & Y Gate Valve"".",OS & Y Gate Valve | SWING Check Valve | Pressure Relief Valve,0.625,0.391,1.35,2.58
2,OS & Y Gate Valve,2,4,slide_02_image_02.jpg,Product image / visual reference,"Product image / visual reference associated with ""SWING Check Valve"".",SWING Check Valve | OS & Y Gate Valve | Pressure Relief Valve,0.349,3.594,2.203,2.047
2,OS & Y Gate Valve,3,10,slide_02_image_03.png,Product image / visual reference,"Product image / visual reference associated with ""Pressure Relief Valve"".",Pressure Relief Valve | SWING Check Valve | OS & Y Gate Valve,0.228,6.298,2.326,2.186
3,Pressure Reducing Valve,1,1,slide_03_image_01.png,Product image / visual reference,"Product image / visual reference associated with ""Butterfly Valve with Tamper Switch"".",Butterfly Valve with Tamper Switch | Alarm Check Valve | Pressure Reducing Valve,0.0,6.094,2.687,2.356
3,Pressure Reducing Valve,2,2,slide_03_image_02.jpg,Product image / visual reference,"Product image / visual reference associated with ""Pressure Reducing Valve"".",Pressure Reducing Valve | Alarm Check Valve | Butterfly Valve with Tamper Switch,0.075,0.498,2.623,2.022
3,Pressure Reducing Valve,3,9,slide_03_image_03.jpg,Product image / visual reference,"Product image / visual reference associated with ""Alarm Check Valve"".",Alarm Check Valve | Pressure Reducing Valve | Butterfly Valve with Tamper Switch,0.048,3.182,2.535,2.396
4,PN-40 580 PSI,1,1,slide_04_image_01.jpg,Product image / visual reference,"Product image / visual reference associated with ""PILOT PRESSURE RELIEF VALVE"".",PILOT PRESSURE RELIEF VALVE,0.313,0.0,2.734,2.734
4,PN-40 580 PSI,2,4,slide_04_image_02.png,Product image / visual reference,"Product image / visual reference associated with ""PILOT PRESSURE RELIEF VALVE"".",PILOT PRESSURE RELIEF VALVE,0.234,2.5,2.266,1.21
4,PN-40 580 PSI,3,5,slide_04_image_03.png,Product image / visual reference,"Product image / visual reference associated with ""PILOT PRESSURE RELIEF VALVE"".",PILOT PRESSURE RELIEF VALVE,5.0,2.656,2.215,2.004
4,PN-40 580 PSI,4,9,slide_04_image_04.jpg,Product image / visual reference,"Product image / visual reference associated with ""PILOT PRESSURE RELIEF VALVE"".",PILOT PRESSURE RELIEF VALVE,0.0,4.141,2.016,2.016
4,PN-40 580 PSI,5,10,slide_04_image_05.jpg,Product image / visual reference,"Product image / visual reference associated with ""PILOT PRESSURE RELIEF VALVE"".",PILOT PRESSURE RELIEF VALVE,0.0,6.797,2.016,2.016
4,PN-40 580 PSI,6,12,slide_04_image_06.jpg,Product image / visual reference,"Product image / visual reference associated with ""PILOT PRESSURE RELIEF VALVE"".",PILOT PRESSURE RELIEF VALVE,4.063,7.969,1.563,1.562
4,PN-40 580 PSI,7,13,slide_04_image_07.jpg,Product image / visual reference,"Product image / visual reference associated with ""PILOT PRESSURE RELIEF VALVE"".",PILOT PRESSURE RELIEF VALVE,4.141,6.406,1.526,1.526
4,PN-40 580 PSI,8,14,slide_04_image_08.jpg,Product image / visual reference,"Product image / visual reference associated with ""PILOT PRESSURE RELIEF VALVE"".",PILOT PRESSURE RELIEF VALVE,4.219,5.078,1.25,1.094
5,Butterfly Valve with Tamper Switch,1,3,slide_05_image_01.jpg,Logo / header graphic,"Logo / header graphic associated with ""Butterfly Valve with Tamper Switch"".",Butterfly Valve with Tamper Switch | Grooved Type Gate Valve - 200 PSI | Flange Type Gate Valve - 300 PSI,0.469,0.548,1.574,1.905
5,Butterfly Valve with Tamper Switch,2,4,slide_05_image_02.jpg,Product image / visual reference,"Product image / visual reference associated with ""Flange Type Gate Valve - 300 PSI"".","Flange Type Gate Valve - 300 PSI | DRY -Fire Hydrant 6'' - 85,000 | WET-Fire Hydrant 6'' - 92,000",0.469,4.846,1.213,1.821
5,Butterfly Valve with Tamper Switch,3,5,slide_05_image_03.jpg,Product image / visual reference,"Product image / visual reference associated with ""Grooved Type Gate Valve - 200 PSI"".",Grooved Type Gate Valve - 200 PSI | Flange Type Check Valve - 300 PSI | Grooved Type Check Valve - 350 PSI,3.868,1.952,1.574,1.429
5,Butterfly Valve with Tamper Switch,4,6,slide_05_image_04.jpg,Product image / visual reference,"Product image / visual reference associated with ""Flange Type Gate Valve - 300 PSI"".","Flange Type Gate Valve - 300 PSI | Grooved Type Check Valve - 350 PSI | Air Release Valve 1'' – 7,800",3.984,4.141,1.323,1.342
5,Butterfly Valve with Tamper Switch,5,7,slide_05_image_05.jpg,Product image / visual reference,"Product image / visual reference associated with ""Grooved Type Gate Valve - 200 PSI"".",Grooved Type Gate Valve - 200 PSI | Flange Type Gate Valve - 300 PSI | Butterfly Valve with Tamper Switch,0.625,2.97,1.102,1.703
5,Butterfly Valve with Tamper Switch,6,8,slide_05_image_06.jpg,Product image / visual reference,"Product image / visual reference associated with ""DRY -Fire Hydrant 6'' - 85,000"".","DRY -Fire Hydrant 6'' - 85,000 | WET-Fire Hydrant 6'' - 92,000 | Flange Type Gate Valve - 300 PSI",0.234,6.797,1.092,2.344
5,Butterfly Valve with Tamper Switch,7,9,slide_05_image_07.jpg,Product image / visual reference,"Product image / visual reference associated with ""Air Release Valve 1'' – 7,800"".","Air Release Valve 1'' – 7,800 | Wet Alarm Check Valve - 300 PSI | Flange Type Gate Valve - 300 PSI",4.141,5.703,1.137,1.254
5,Butterfly Valve with Tamper Switch,8,15,slide_05_image_08.png,Logo / header graphic,"Logo / header graphic associated with ""Flange Type Check Valve - 300 PSI"".",Flange Type Check Valve - 300 PSI | Butterfly Valve with Tamper Switch | Grooved Type Check Valve - 350 PSI,3.813,0.384,3.396,0.894
5,Butterfly Valve with Tamper Switch,9,38,slide_05_image_09.jpg,Product image / visual reference,"Product image / visual reference associated with ""Wet Alarm Check Valve - 300 PSI"".","Wet Alarm Check Valve - 300 PSI | DRY -Fire Hydrant 6'' - 85,000 | Air Release Valve 1'' – 7,800",3.047,7.031,2.708,2.031
6,Grooved Type Gate Valve - 300 PSI,1,1,slide_06_image_01.jpg,Logo / header graphic,"Logo / header graphic associated with ""Grooved Type Gate Valve - 300 PSI"".",Grooved Type Gate Valve - 300 PSI | Deluge Valve - 300 PSI,0.391,0.703,1.102,1.703
6,Grooved Type Gate Valve - 300 PSI,2,5,slide_06_image_02.png,Logo / header graphic,"Logo / header graphic associated with ""Deluge Valve - 300 PSI"".",Deluge Valve - 300 PSI | Grooved Type Gate Valve - 300 PSI,3.813,0.384,3.396,0.894
6,Grooved Type Gate Valve - 300 PSI,3,7,slide_06_image_03.jpg,Product image / visual reference,"Product image / visual reference associated with ""Deluge Valve - 300 PSI"".",Deluge Valve - 300 PSI | Grooved Type Gate Valve - 300 PSI,4.089,1.25,2.813,2.109
7,Butterfly Valve with Tamper Switch,1,3,slide_07_image_01.jpg,Logo / header graphic,"Logo / header graphic associated with ""Butterfly Valve with Tamper Switch"".",Butterfly Valve with Tamper Switch | Grooved Type Gate Valve - 200 PSI | Flange Type Gate Valve - 300 PSI,0.158,1.102,1.575,1.906
7,Butterfly Valve with Tamper Switch,2,4,slide_07_image_02.jpg,Product image / visual reference,"Product image / visual reference associated with ""Flange Type Gate Valve - 300 PSI"".",Flange Type Gate Valve - 300 PSI | Grooved Type Gate Valve - 200 PSI | Wafer Type Check Valve - 350 PSI,0.233,6.891,1.252,1.879
7,Butterfly Valve with Tamper Switch,3,5,slide_07_image_03.jpg,Product image / visual reference,"Product image / visual reference associated with ""Flange Type Check Valve - 300 PSI"".",Flange Type Check Valve - 300 PSI | Grooved Type Check Valve - 350 PSI | Butterfly Valve with Tamper Switch,3.75,2.578,1.575,1.429
7,Butterfly Valve with Tamper Switch,4,6,slide_07_image_04.jpg,Product image / visual reference,"Product image / visual reference associated with ""Grooved Type Check Valve - 350 PSI"".",Grooved Type Check Valve - 350 PSI | Wafer Type Check Valve - 350 PSI | Flange Type Gate Valve - 300 PSI,3.75,5.0,1.478,1.498
7,Butterfly Valve with Tamper Switch,5,7,slide_07_image_05.jpg,Product image / visual reference,"Product image / visual reference associated with ""Grooved Type Gate Valve - 200 PSI"".",Grooved Type Gate Valve - 200 PSI | Flange Type Gate Valve - 300 PSI | Butterfly Valve with Tamper Switch,0.281,4.357,1.125,1.738
7,Butterfly Valve with Tamper Switch,6,18,slide_07_image_06.png,Product image / visual reference,"Product image / visual reference associated with ""Flange Type Check Valve - 300 PSI"".",Flange Type Check Valve - 300 PSI | Butterfly Valve with Tamper Switch | Grooved Type Check Valve - 350 PSI,3.012,0.326,4.186,1.545
7,Butterfly Valve with Tamper Switch,7,25,slide_07_image_07.jpg,Product image / visual reference,"Product image / visual reference associated with ""Wafer Type Check Valve - 350 PSI"".",Wafer Type Check Valve - 350 PSI | Flange Type Gate Valve - 300 PSI | Grooved Type Check Valve - 350 PSI,3.516,6.797,1.953,1.953
7,Butterfly Valve with Tamper Switch,8,28,slide_07_image_08.png,Product image / visual reference,"Product image / visual reference associated with ""Wafer Type Check Valve - 350 PSI"".",Wafer Type Check Valve - 350 PSI | Flange Type Gate Valve - 300 PSI | Grooved Type Check Valve - 350 PSI,3.437,8.516,1.485,0.72
8,WATER METER | CLINTON WOLTMAN,1,2,slide_08_image_01.png,Logo / header graphic,Logo / header graphic.,,0.0,0.583,1.934,2.229
8,WATER METER | CLINTON WOLTMAN,2,5,slide_08_image_02.jpg,Logo / header graphic,Logo / header graphic.,,4.042,0.74,1.18,2.182
8,WATER METER | CLINTON WOLTMAN,3,6,slide_08_image_03.png,Product image / visual reference,Product image / visual reference.,,-0.052,3.766,1.955,2.25
8,WATER METER | CLINTON WOLTMAN,4,9,slide_08_image_04.jpg,Product image / visual reference,Product image / visual reference.,,3.581,4.063,1.846,1.845
8,WATER METER | CLINTON WOLTMAN,5,13,slide_08_image_05.jpg,Product image / visual reference,Product image / visual reference.,,3.75,7.208,1.625,1.625
8,WATER METER | CLINTON WOLTMAN,6,15,slide_08_image_06.jpg,Product image / visual reference,Product image / visual reference.,,0.259,7.224,1.425,1.425
9,Universal Flange Adaptor,1,3,slide_09_image_01.jpg,Logo / header graphic,Logo / header graphic.,,3.828,1.094,1.406,1.41
9,Universal Flange Adaptor,2,5,slide_09_image_02.png,Logo / header graphic,Logo / header graphic.,,0.234,1.094,1.448,1.719
9,Universal Flange Adaptor,3,8,slide_09_image_03.png,Product image / visual reference,Product image / visual reference.,,3.906,3.203,0.849,2.776
9,Universal Flange Adaptor,4,10,slide_09_image_04.jpg,Product image / visual reference,Product image / visual reference.,,0.0,6.875,1.797,2.396
9,Universal Flange Adaptor,5,12,slide_09_image_05.jpg,Product image / visual reference,Product image / visual reference.,,0.234,4.141,1.352,1.804
9,Universal Flange Adaptor,6,13,slide_09_image_06.jpg,Product image / visual reference,Product image / visual reference.,,0.234,6.016,2.109,0.901
9,Universal Flange Adaptor,7,16,slide_09_image_07.jpg,Product image / visual reference,Product image / visual reference.,,3.984,7.109,1.094,1.661
10,"Inspector test Valve BH Brand 1'' – 4,800",1,4,slide_10_image_01.jpg,Product image / visual reference,"Product image / visual reference associated with ""Flexible sprinkler Hose"".","Flexible sprinkler Hose | Inspector test Valve BH Brand 1'' – 4,800 | Reflex Brand ul/fm",0.099,0.835,2.341,1.563
10,"Inspector test Valve BH Brand 1'' – 4,800",2,5,slide_10_image_02.jpg,Product image / visual reference,"Product image / visual reference associated with ""Flexible sprinkler Hose"".","Flexible sprinkler Hose | Reflex Brand ul/fm | Inspector test Valve BH Brand 1'' – 4,800",0.679,2.552,1.831,2.16
10,"Inspector test Valve BH Brand 1'' – 4,800",3,9,slide_10_image_03.png,Logo / header graphic,"Logo / header graphic associated with ""Inspector test Valve BH Brand 1'' – 4,800"".","Inspector test Valve BH Brand 1'' – 4,800 | Flexible sprinkler Hose | Reflex Brand ul/fm",4.569,0.319,1.261,2.087
10,"Inspector test Valve BH Brand 1'' – 4,800",4,13,slide_10_image_04.png,Product image / visual reference,"Product image / visual reference associated with ""Reflex Brand ul/fm"".","Reflex Brand ul/fm | Flexible sprinkler Hose | Inspector test Valve BH Brand 1'' – 4,800",0.417,5.101,1.913,1.913
11,BUTTERFLY VALVE,1,2,slide_11_image_01.jpg,Logo / header graphic,"Logo / header graphic associated with ""BUTTERFLY VALVE"".",BUTTERFLY VALVE | SWING Check Valve | Reducing & Relief Valve,0.313,0.391,1.172,1.867
11,BUTTERFLY VALVE,2,6,slide_11_image_02.jpg,Product image / visual reference,"Product image / visual reference associated with ""SWING Check Valve"".",SWING Check Valve | BUTTERFLY VALVE | Reducing & Relief Valve,0.313,2.337,1.641,1.488
11,BUTTERFLY VALVE,3,8,slide_11_image_03.png,Product image / visual reference,"Product image / visual reference associated with ""Reducing & Relief Valve"".",Reducing & Relief Valve | SWING Check Valve | Deluge Valve,0.156,4.141,1.929,1.813
11,BUTTERFLY VALVE,4,14,slide_11_image_04.jpg,Product image / visual reference,"Product image / visual reference associated with ""Air Release Valve ½'' -1'' - 1800"".",Air Release Valve ½'' -1'' - 1800 | BUTTERFLY VALVE | SWING Check Valve,5.0,0.0,2.344,2.344
11,BUTTERFLY VALVE,5,17,slide_11_image_05.jpg,Product image / visual reference,"Product image / visual reference associated with ""Deluge Valve"".",Deluge Valve | Reducing & Relief Valve | SWING Check Valve,0.156,6.484,2.095,2.188
11,BUTTERFLY VALVE,6,28,slide_11_image_06.jpg,Product image / visual reference,"Product image / visual reference associated with ""Air Release Valve ½'' -1'' - 1800"".",Air Release Valve ½'' -1'' - 1800 | Reducing & Relief Valve | Deluge Valve,5.469,5.611,1.194,2.281
11,BUTTERFLY VALVE,7,31,slide_11_image_07.jpg,Product image / visual reference,"Product image / visual reference associated with ""Air Release Valve ½'' -1'' - 1800"".",Air Release Valve ½'' -1'' - 1800 | SWING Check Valve | BUTTERFLY VALVE,5.0,2.5,1.953,1.953
12,Empty Tank,1,2,slide_12_image_01.jpg,Product image / visual reference,"Product image / visual reference associated with ""Empty Tank"".",Empty Tank,0.234,3.359,1.406,1.406
12,Empty Tank,2,3,slide_12_image_02.jpg,Product image / visual reference,"Product image / visual reference associated with ""Empty Tank"".",Empty Tank,0.313,1.953,1.25,1.25
12,Empty Tank,3,4,slide_12_image_03.jpg,Logo / header graphic,"Logo / header graphic associated with ""Empty Tank"".",Empty Tank,0.391,0.703,1.172,1.026
12,Empty Tank,4,10,slide_12_image_04.jpg,Product image / visual reference,"Product image / visual reference associated with ""Empty Tank"".",Empty Tank,0.313,7.813,1.328,1.328
12,Empty Tank,5,12,slide_12_image_05.jpg,Product image / visual reference,"Product image / visual reference associated with ""Empty Tank"".",Empty Tank,3.125,7.274,2.701,1.734
12,Empty Tank,6,16,slide_12_image_06.png,Product image / visual reference,"Product image / visual reference associated with ""Empty Tank"".",Empty Tank,3.672,4.618,1.727,1.543
12,Empty Tank,7,20,slide_12_image_07.jpg,Product image / visual reference,"Product image / visual reference associated with ""Empty Tank"".",Empty Tank,3.307,1.149,2.21,1.576
13,SPRINKLER HEADS,1,1,slide_13_image_01.jpg,Product image / visual reference,"Product image / visual reference associated with ""Pendent & Sidewall with plate"".",Pendent & Sidewall with plate | CONCEALED SPRINKLER HEADS- CHINA | SPRINKLER HEADS,0.313,1.172,2.611,2.276
13,SPRINKLER HEADS,2,9,slide_13_image_02.jpg,Product image / visual reference,"Product image / visual reference associated with ""CONCEALED SPRINKLER HEADS- TYCO ULFM"".",CONCEALED SPRINKLER HEADS- TYCO ULFM | CONCEALED SPRINKLER HEADS- CHINA | Pendent & Sidewall with plate,1.406,7.031,1.298,0.849
13,SPRINKLER HEADS,3,10,slide_13_image_03.jpg,Product image / visual reference,"Product image / visual reference associated with ""CONCEALED SPRINKLER HEADS- TYCO ULFM"".",CONCEALED SPRINKLER HEADS- TYCO ULFM | CONCEALED SPRINKLER HEADS- CHINA | Pendent & Sidewall with plate,0.313,7.031,1.133,0.849
14,BUTTERFLY VALVE,1,1,slide_14_image_01.jpg,Product image / visual reference,"Product image / visual reference associated with ""PILOT PRESSURE RELIEF VALVE"".",PILOT PRESSURE RELIEF VALVE | MECHANICAL FLOAT VALVE | WAFER CHECK VALVE,0.028,6.311,2.015,2.016
14,BUTTERFLY VALVE,2,2,slide_14_image_02.jpg,Product image / visual reference,"Product image / visual reference associated with ""MECHANICAL FLOAT VALVE"".",MECHANICAL FLOAT VALVE | BUTTERFLY VALVE | FOOT VALVE Flange type,-0.278,3.516,2.702,1.734
14,BUTTERFLY VALVE,3,5,slide_14_image_03.jpg,Logo / header graphic,"Logo / header graphic associated with ""BUTTERFLY VALVE"".",BUTTERFLY VALVE | MECHANICAL FLOAT VALVE | FOOT VALVE Flange type,0.571,0.439,1.417,2.257
14,BUTTERFLY VALVE,4,8,slide_14_image_04.png,Product image / visual reference,"Product image / visual reference associated with ""FOOT VALVE Flange type"".",FOOT VALVE Flange type | MECHANICAL FLOAT VALVE | WAFER CHECK VALVE,3.686,3.715,2.007,1.793
14,BUTTERFLY VALVE,5,11,slide_14_image_05.jpg,Product image / visual reference,"Product image / visual reference associated with ""WAFER CHECK VALVE"".",WAFER CHECK VALVE | FOOT VALVE Flange type | PILOT PRESSURE RELIEF VALVE,3.825,6.87,1.54,1.408
15,KITZ | CHECK VALVE | GATE VALVE | WYE-STRAINER,1,1,slide_15_image_01.jpg,Product image / visual reference,"Product image / visual reference associated with ""FOOT VALVE"".",FOOT VALVE,3.125,6.719,1.757,1.797
15,KITZ | CHECK VALVE | GATE VALVE | WYE-STRAINER,2,4,slide_15_image_02.jpg,Product image / visual reference,"Product image / visual reference associated with ""FOOT VALVE"".",FOOT VALVE,0.313,0.391,6.875,1.474
15,KITZ | CHECK VALVE | GATE VALVE | WYE-STRAINER,3,12,slide_15_image_03.png,Product image / visual reference,"Product image / visual reference associated with ""FOOT VALVE"".",FOOT VALVE,0.234,7.187,1.228,1.474
16,UL/FM GIACOMINI,1,1,slide_16_image_01.jpg,Product image / visual reference,Product image / visual reference.,,0.0,5.937,2.656,2.83
16,UL/FM GIACOMINI,2,2,slide_16_image_02.jpg,Product image / visual reference,Product image / visual reference.,,3.672,3.713,2.074,1.582
16,UL/FM GIACOMINI,3,3,slide_16_image_03.jpg,Logo / header graphic,Logo / header graphic.,,3.906,0.469,1.458,1.458
16,UL/FM GIACOMINI,4,9,slide_16_image_04.jpg,Logo / header graphic,Logo / header graphic.,,0.29,0.887,1.622,1.622
16,UL/FM GIACOMINI,5,10,slide_16_image_05.jpg,Product image / visual reference,Product image / visual reference.,,3.651,7.313,1.818,1.365
16,UL/FM GIACOMINI,6,19,slide_16_image_06.jpg,Product image / visual reference,Product image / visual reference.,,0.156,2.969,1.7,1.7
17,PLASTIC NOZZLE 2 1/2,1,1,slide_17_image_01.jpg,Logo / header graphic,Logo / header graphic.,,0.309,1.122,1.191,1.193
17,PLASTIC NOZZLE 2 1/2,2,5,slide_17_image_02.jpg,Logo / header graphic,Logo / header graphic.,,3.607,0.903,1.62,1.62
17,PLASTIC NOZZLE 2 1/2,3,7,slide_17_image_03.jpg,Product image / visual reference,Product image / visual reference.,,0.234,3.437,1.385,2.037
17,PLASTIC NOZZLE 2 1/2,4,9,slide_17_image_04.jpg,Product image / visual reference,Product image / visual reference.,,3.906,3.594,0.904,1.651
17,PLASTIC NOZZLE 2 1/2,5,12,slide_17_image_05.jpg,Product image / visual reference,Product image / visual reference.,,0.391,7.891,3.293,1.648
17,PLASTIC NOZZLE 2 1/2,6,13,slide_17_image_06.png,Product image / visual reference,Product image / visual reference.,,3.813,8.026,2.481,1.575
17,PLASTIC NOZZLE 2 1/2,7,14,slide_17_image_07.jpg,Product image / visual reference,Product image / visual reference.,,0.234,6.016,1.406,1.406
17,PLASTIC NOZZLE 2 1/2,8,17,slide_17_image_08.jpg,Product image / visual reference,Product image / visual reference.,,3.906,5.703,1.187,1.184
17,PLASTIC NOZZLE 2 1/2,9,19,slide_17_image_09.jpg,Product image / visual reference,Product image / visual reference.,,3.846,6.885,1.311,1.057
18,WINTER UL/FM,1,1,slide_18_image_01.png,Product image / visual reference,Product image / visual reference.,,0.0,3.437,2.187,2.188
18,WINTER UL/FM,2,7,slide_18_image_02.jpg,Product image / visual reference,Product image / visual reference.,,3.906,5.547,1.486,1.486
18,WINTER UL/FM,3,9,slide_18_image_03.jpg,Product image / visual reference,Product image / visual reference.,,3.75,3.852,1.564,1.564
18,WINTER UL/FM,4,12,slide_18_image_04.jpg,Product image / visual reference,Product image / visual reference.,,3.707,2.16,1.606,1.606
18,WINTER UL/FM,5,13,slide_18_image_05.jpg,Logo / header graphic,Logo / header graphic.,,3.686,0.448,1.542,1.574
18,WINTER UL/FM,6,16,slide_18_image_06.jpg,Logo / header graphic,Logo / header graphic.,,0.313,0.469,1.307,1.295
18,WINTER UL/FM,7,18,slide_18_image_07.jpg,Product image / visual reference,Product image / visual reference.,,0.391,2.266,1.257,0.857
18,WINTER UL/FM,8,20,slide_18_image_08.jpg,Product image / visual reference,Product image / visual reference.,,3.594,7.031,1.953,1.953
18,WINTER UL/FM,9,23,slide_18_image_09.jpg,Product image / visual reference,Product image / visual reference.,,0.391,7.266,1.537,1.536
18,WINTER UL/FM,10,28,slide_18_image_10.jpg,Product image / visual reference,Product image / visual reference.,,0.234,5.625,1.72,1.198
19,"Water Flow Switch Threaded 1'' | 2,800",1,9,slide_19_image_01.jpg,Product image / visual reference,Product image / visual reference.,,0.396,5.781,1.41,1.411
19,"Water Flow Switch Threaded 1'' | 2,800",2,10,slide_19_image_02.jpg,Product image / visual reference,Product image / visual reference.,,0.207,7.366,1.707,1.707
19,"Water Flow Switch Threaded 1'' | 2,800",3,11,slide_19_image_03.jpg,Product image / visual reference,Product image / visual reference.,,0.313,2.969,1.953,1.951
19,"Water Flow Switch Threaded 1'' | 2,800",4,12,slide_19_image_04.jpg,Logo / header graphic,Logo / header graphic.,,0.361,0.222,1.328,1.667
19,"Water Flow Switch Threaded 1'' | 2,800",5,13,slide_19_image_05.jpg,Product image / visual reference,Product image / visual reference.,,0.391,1.797,1.325,1.323
19,"Water Flow Switch Threaded 1'' | 2,800",6,16,slide_19_image_06.png,Product image / visual reference,Product image / visual reference.,,2.333,3.26,2.62,1.16
19,"Water Flow Switch Threaded 1'' | 2,800",7,17,slide_19_image_07.png,Product image / visual reference,Product image / visual reference.,,1.787,1.939,2.641,1.174
19,"Water Flow Switch Threaded 1'' | 2,800",8,20,slide_19_image_08.jpg,Logo / header graphic,Logo / header graphic.,,4.922,0.703,2.109,1.406
19,"Water Flow Switch Threaded 1'' | 2,800",9,27,slide_19_image_09.jpg,Product image / visual reference,Product image / visual reference.,,5.391,3.828,1.485,1.485
20,FIRE HOSE- PUSH LOCK -CABINET 50 FT.,1,1,slide_20_image_01.jpg,Product image / visual reference,Product image / visual reference.,,-0.056,5.708,2.486,2.488
20,FIRE HOSE- PUSH LOCK -CABINET 50 FT.,2,18,slide_20_image_02.jpg,Product image / visual reference,Product image / visual reference.,,0.234,1.563,2.261,2.259
20,FIRE HOSE- PUSH LOCK -CABINET 50 FT.,3,19,slide_20_image_03.jpg,Logo / header graphic,Logo / header graphic.,,0.234,0.469,2.153,0.993
21,SINGLE JACKET 2 ½ HYFLO FIRE HOSE 50 FT.,1,12,slide_21_image_01.jpg,Product image / visual reference,Product image / visual reference.,,0.0,0.0,2.813,2.813
22,"Telephone jack | 4,950",1,32,slide_22_image_01.jpg,Product image / visual reference,Product image / visual reference.,,2.107,0.313,2.815,2.814
23,Smoke & Heat | 650,1,23,slide_23_image_01.jpg,Product image / visual reference,Product image / visual reference.,,0.231,0.37,2.773,2.031
23,Smoke & Heat | 650,2,25,slide_23_image_02.jpg,Logo / header graphic,Logo / header graphic.,,5.298,0.46,1.941,1.941
23,Smoke & Heat | 650,3,26,slide_23_image_03.png,Product image / visual reference,Product image / visual reference.,,2.842,0.483,2.483,1.861
24,JOCKEY PUMP,1,21,slide_24_image_01.jpg,Product image / visual reference,Product image / visual reference.,,0.0,0.781,3.031,3.031
24,JOCKEY PUMP,2,26,slide_24_image_02.jpg,Product image / visual reference,Product image / visual reference.,,0.625,4.219,2.031,2.031
25,Winter Gauge ¼ UL/fm,1,1,slide_25_image_01.jpg,Product image / visual reference,Product image / visual reference.,,0.156,3.097,2.422,2.422
25,Winter Gauge ¼ UL/fm,2,2,slide_25_image_02.jpg,Logo / header graphic,Logo / header graphic.,,0.469,-0.156,2.187,2.187
25,Winter Gauge ¼ UL/fm,3,5,slide_25_image_03.jpg,Logo / header graphic,Logo / header graphic.,,4.531,0.391,1.929,1.122
25,Winter Gauge ¼ UL/fm,4,8,slide_25_image_04.jpg,Product image / visual reference,Product image / visual reference.,,0.437,5.602,1.67,1.792
25,Winter Gauge ¼ UL/fm,5,11,slide_25_image_05.jpg,Product image / visual reference,Product image / visual reference.,,1.082,7.278,0.411,1.95
25,Winter Gauge ¼ UL/fm,6,13,slide_25_image_06.jpg,Product image / visual reference,Product image / visual reference.,,4.922,5.234,1.797,2.17
26,MECH FLEXIBLE,1,3,slide_26_image_01.jpg,Product image / visual reference,Product image / visual reference.,,0.234,0.469,2.266,1.698
26,MECH FLEXIBLE,2,4,slide_26_image_02.jpg,Logo / header graphic,Logo / header graphic.,,5.255,0.436,1.117,1.901
26,MECH FLEXIBLE,3,5,slide_26_image_03.jpg,Product image / visual reference,Product image / visual reference.,,0.313,2.432,1.403,1.708
26,MECH FLEXIBLE,4,6,slide_26_image_04.jpg,Product image / visual reference,Product image / visual reference.,,0.469,5.391,1.574,1.575
26,MECH FLEXIBLE,5,7,slide_26_image_05.jpg,Product image / visual reference,Product image / visual reference.,,0.472,7.151,1.841,1.818
27,TRANSFER PUMP,1,2,slide_27_image_01.png,Logo / header graphic,"Logo / header graphic associated with ""TRANSFER PUMP"".",TRANSFER PUMP | EBARA TRANSFER PUMP,2.96,0.347,4.18,1.059
27,TRANSFER PUMP,2,6,slide_27_image_02.png,Logo / header graphic,"Logo / header graphic associated with ""TRANSFER PUMP"".",TRANSFER PUMP | EBARA TRANSFER PUMP,0.859,0.625,1.611,1.356
27,TRANSFER PUMP,3,8,slide_27_image_03.png,Product image / visual reference,"Product image / visual reference associated with ""EBARA TRANSFER PUMP"".",EBARA TRANSFER PUMP | TRANSFER PUMP,0.547,6.875,1.957,1.628
28,GOULDS,1,2,slide_28_image_01.png,Product image / visual reference,"Product image / visual reference associated with ""VERTICAL MULTI-STAGE"".",VERTICAL MULTI-STAGE | SUBMERSIBLE MULTI-STAGE,2.8,0.359,3.387,3.654
28,GOULDS,2,6,slide_28_image_02.png,Logo / header graphic,"Logo / header graphic associated with ""VERTICAL MULTI-STAGE"".",VERTICAL MULTI-STAGE | SUBMERSIBLE MULTI-STAGE,1.2,0.746,1.061,3.411
28,GOULDS,3,10,slide_28_image_03.jpg,Product image / visual reference,"Product image / visual reference associated with ""SUBMERSIBLE MULTI-STAGE"".",SUBMERSIBLE MULTI-STAGE | VERTICAL MULTI-STAGE,0.391,6.016,2.161,2.161
28,GOULDS,4,12,slide_28_image_04.png,Product image / visual reference,"Product image / visual reference associated with ""SUBMERSIBLE MULTI-STAGE"".",SUBMERSIBLE MULTI-STAGE | VERTICAL MULTI-STAGE,2.826,5.427,4.187,2.507
29,"25 HP | 33,500",1,1,slide_29_image_01.png,Product image / visual reference,"Product image / visual reference associated with ""DESIEL ENGINE ONLY"".",DESIEL ENGINE ONLY | ELECTRIC MOTOR ONLY,3.272,4.587,3.915,2.874
29,"25 HP | 33,500",2,3,slide_29_image_02.png,Product image / visual reference,"Product image / visual reference associated with ""DESIEL ENGINE ONLY"".",DESIEL ENGINE ONLY | ELECTRIC MOTOR ONLY,0.547,4.375,2.463,2.778
29,"25 HP | 33,500",3,5,slide_29_image_03.jpg,Product image / visual reference,"Product image / visual reference associated with ""ELECTRIC MOTOR ONLY"".",ELECTRIC MOTOR ONLY | DESIEL ENGINE ONLY,0.156,1.563,3.359,1.842
29,"25 HP | 33,500",4,6,slide_29_image_04.png,Product image / visual reference,"Product image / visual reference associated with ""ELECTRIC MOTOR ONLY"".",ELECTRIC MOTOR ONLY | DESIEL ENGINE ONLY,3.413,0.514,3.833,2.873
35,FIRE PUMP | JOCKEY PUMP | CAPACITY & PRESSURE | HORIZONTAL SET,1,3,slide_35_image_01.jpg,Product image / visual reference,Product image / visual reference.,,1.406,2.031,1.326,1.617
35,FIRE PUMP | JOCKEY PUMP | CAPACITY & PRESSURE | HORIZONTAL SET,2,6,slide_35_image_02.png,Logo / header graphic,Logo / header graphic.,,0.08,0.293,7.359,1.174
35,FIRE PUMP | JOCKEY PUMP | CAPACITY & PRESSURE | HORIZONTAL SET,3,7,slide_35_image_03.jpg,Product image / visual reference,Product image / visual reference.,,2.813,1.328,0.948,2.422
35,FIRE PUMP | JOCKEY PUMP | CAPACITY & PRESSURE | HORIZONTAL SET,4,8,slide_35_image_04.jpg,Product image / visual reference,Product image / visual reference.,,3.828,1.484,2.254,2.571
35,FIRE PUMP | JOCKEY PUMP | CAPACITY & PRESSURE | HORIZONTAL SET,5,9,slide_35_image_05.png,Logo / header graphic,Logo / header graphic.,,3.986,1.094,2.241,0.906
36,FIRE PUMP | Controller | CAPACITY & PRESSURE | FIRE PUMP + CONTROLLER,1,5,slide_36_image_01.png,Logo / header graphic,Logo / header graphic.,,0.087,0.319,7.353,1.174
36,FIRE PUMP | Controller | CAPACITY & PRESSURE | FIRE PUMP + CONTROLLER,2,6,slide_36_image_02.jpg,Product image / visual reference,Product image / visual reference.,,3.516,1.25,2.488,2.839
36,FIRE PUMP | Controller | CAPACITY & PRESSURE | FIRE PUMP + CONTROLLER,3,7,slide_36_image_03.png,Product image / visual reference,Product image / visual reference.,,1.326,1.293,5.314,0.507
36,FIRE PUMP | Controller | CAPACITY & PRESSURE | FIRE PUMP + CONTROLLER,4,10,slide_36_image_04.jpg,Product image / visual reference,Product image / visual reference.,,1.328,1.719,1.561,1.903
37,FIRE PUMP | JOCKEY PUMP | VERTICAL SET | CAPACITY & PRESSURE,1,3,slide_37_image_01.jpg,Product image / visual reference,Product image / visual reference.,,1.328,2.813,1.561,1.903
37,FIRE PUMP | JOCKEY PUMP | VERTICAL SET | CAPACITY & PRESSURE,2,7,slide_37_image_02.png,Logo / header graphic,Logo / header graphic.,,0.087,0.326,7.353,1.174
37,FIRE PUMP | JOCKEY PUMP | VERTICAL SET | CAPACITY & PRESSURE,3,8,slide_37_image_03.jpg,Product image / visual reference,Product image / visual reference.,,4.375,1.719,1.838,3.158
37,FIRE PUMP | JOCKEY PUMP | VERTICAL SET | CAPACITY & PRESSURE,4,9,slide_37_image_04.jpg,Product image / visual reference,Product image / visual reference.,,3.047,1.875,1.132,2.891
37,FIRE PUMP | JOCKEY PUMP | VERTICAL SET | CAPACITY & PRESSURE,5,10,slide_37_image_05.png,Logo / header graphic,Logo / header graphic.,,4.533,1.174,2.533,0.906
38,FIRE PUMP | JOCKEY PUMP | SET,1,3,slide_38_image_01.jpg,Logo / header graphic,Logo / header graphic.,,2.109,1.094,1.101,2.813
38,FIRE PUMP | JOCKEY PUMP | SET,2,4,slide_38_image_02.jpg,Product image / visual reference,Product image / visual reference.,,3.594,2.109,1.484,1.809
38,FIRE PUMP | JOCKEY PUMP | SET,3,5,slide_38_image_03.png,Logo / header graphic,Logo / header graphic.,,3.594,1.094,3.38,1.047
38,FIRE PUMP | JOCKEY PUMP | SET,4,7,slide_38_image_04.png,Logo / header graphic,Logo / header graphic.,,0.087,0.16,7.353,1.18
38,FIRE PUMP | JOCKEY PUMP | SET,5,8,slide_38_image_05.jpg,Logo / header graphic,Logo / header graphic.,,0.469,1.016,1.3,5.227
39,FIRE PUMP | JOCKEY PUMP | SET,1,2,slide_39_image_01.jpg,Product image / visual reference,Product image / visual reference.,,3.281,1.719,1.044,2.665
39,FIRE PUMP | JOCKEY PUMP | SET,2,3,slide_39_image_02.jpg,Product image / visual reference,Product image / visual reference.,,4.609,2.187,1.873,2.283
39,FIRE PUMP | JOCKEY PUMP | SET,3,4,slide_39_image_03.png,Logo / header graphic,Logo / header graphic.,,2.894,1.094,4.653,1.047
39,FIRE PUMP | JOCKEY PUMP | SET,4,12,slide_39_image_04.jpg,Product image / visual reference,Product image / visual reference.,,0.469,0.937,2.578,3.479
39,FIRE PUMP | JOCKEY PUMP | SET,5,14,slide_39_image_05.png,Logo / header graphic,Logo / header graphic.,,0.087,0.16,7.353,1.18
40,Horizontal Split Case Fire Pump Assembly – Electric – Streamplus Brand Australia -,1,1,slide_40_image_01.png,Product image / visual reference,"Product image / visual reference associated with ""Horizontal Split Case Fire Pump Assembly – Electric – Streamplus Brand Australia -"".","Horizontal Split Case Fire Pump Assembly – Electric – Streamplus Brand Australia - | Accessories: Fire & Jockey Pump Wet Alarm Check Valve, OS & Y Gate Valve, Return Gate Valve, Pressure Relief Valve, Check Valve, Flexible Connector, Controller",3.198,1.974,1.418,1.293
40,Horizontal Split Case Fire Pump Assembly – Electric – Streamplus Brand Australia -,2,2,slide_40_image_02.png,Product image / visual reference,"Product image / visual reference associated with ""Horizontal Split Case Fire Pump Assembly – Electric – Streamplus Brand Australia -"".","Horizontal Split Case Fire Pump Assembly – Electric – Streamplus Brand Australia - | Accessories: Fire & Jockey Pump Wet Alarm Check Valve, OS & Y Gate Valve, Return Gate Valve, Pressure Relief Valve, Check Valve, Flexible Connector, Controller",0.554,0.033,3.366,5.953
40,Horizontal Split Case Fire Pump Assembly – Electric – Streamplus Brand Australia -,3,9,slide_40_image_03.png,Product image / visual reference,"Product image / visual reference associated with ""Horizontal Split Case Fire Pump Assembly – Electric – Streamplus Brand Australia -"".","Horizontal Split Case Fire Pump Assembly – Electric – Streamplus Brand Australia - | Accessories: Fire & Jockey Pump Wet Alarm Check Valve, OS & Y Gate Valve, Return Gate Valve, Pressure Relief Valve, Check Valve, Flexible Connector, Controller",0.365,-0.393,3.78,2.788
40,Horizontal Split Case Fire Pump Assembly – Electric – Streamplus Brand Australia -,4,12,slide_40_image_04.png,Product image / visual reference,"Product image / visual reference associated with ""Horizontal Split Case Fire Pump Assembly – Electric – Streamplus Brand Australia -"".","Horizontal Split Case Fire Pump Assembly – Electric – Streamplus Brand Australia - | Accessories: Fire & Jockey Pump Wet Alarm Check Valve, OS & Y Gate Valve, Return Gate Valve, Pressure Relief Valve, Check Valve, Flexible Connector, Controller",0.326,1.787,3.92,0.913
40,Horizontal Split Case Fire Pump Assembly – Electric – Streamplus Brand Australia -,5,13,slide_40_image_05.jpg,Product image / visual reference,"Product image / visual reference associated with ""Horizontal Split Case Fire Pump Assembly – Electric – Streamplus Brand Australia -"".","Horizontal Split Case Fire Pump Assembly – Electric – Streamplus Brand Australia - | Accessories: Fire & Jockey Pump Wet Alarm Check Valve, OS & Y Gate Valve, Return Gate Valve, Pressure Relief Valve, Check Valve, Flexible Connector, Controller",4.144,3.328,3.04,5.601
41,Horizontal Split Case Fire Pump Assembly – Electric – PURITY CHINA BRAND-,1,1,slide_41_image_01.png,Product image / visual reference,"Product image / visual reference associated with ""Horizontal Split Case Fire Pump Assembly – Electric – PURITY CHINA BRAND-"".","Horizontal Split Case Fire Pump Assembly – Electric – PURITY CHINA BRAND- | Accessories: Fire & Jockey Pump Wet Alarm Check Valve, OS & Y Gate Valve, Return Gate Valve, Pressure Relief Valve, Check Valve, Flexible Connector, Controller",3.198,1.974,1.418,1.293
41,Horizontal Split Case Fire Pump Assembly – Electric – PURITY CHINA BRAND-,2,2,slide_41_image_02.png,Product image / visual reference,"Product image / visual reference associated with ""Horizontal Split Case Fire Pump Assembly – Electric – PURITY CHINA BRAND-"".","Horizontal Split Case Fire Pump Assembly – Electric – PURITY CHINA BRAND- | Accessories: Fire & Jockey Pump Wet Alarm Check Valve, OS & Y Gate Valve, Return Gate Valve, Pressure Relief Valve, Check Valve, Flexible Connector, Controller",0.554,0.033,3.366,5.953
41,Horizontal Split Case Fire Pump Assembly – Electric – PURITY CHINA BRAND-,3,9,slide_41_image_03.png,Product image / visual reference,"Product image / visual reference associated with ""Horizontal Split Case Fire Pump Assembly – Electric – PURITY CHINA BRAND-"".","Horizontal Split Case Fire Pump Assembly – Electric – PURITY CHINA BRAND- | Accessories: Fire & Jockey Pump Wet Alarm Check Valve, OS & Y Gate Valve, Return Gate Valve, Pressure Relief Valve, Check Valve, Flexible Connector, Controller",0.365,-0.393,3.78,2.788
41,Horizontal Split Case Fire Pump Assembly – Electric – PURITY CHINA BRAND-,4,12,slide_41_image_04.png,Product image / visual reference,"Product image / visual reference associated with ""Horizontal Split Case Fire Pump Assembly – Electric – PURITY CHINA BRAND-"".","Horizontal Split Case Fire Pump Assembly – Electric – PURITY CHINA BRAND- | Accessories: Fire & Jockey Pump Wet Alarm Check Valve, OS & Y Gate Valve, Return Gate Valve, Pressure Relief Valve, Check Valve, Flexible Connector, Controller",0.326,1.787,3.92,0.913
41,Horizontal Split Case Fire Pump Assembly – Electric – PURITY CHINA BRAND-,5,13,slide_41_image_05.jpg,Product image / visual reference,"Product image / visual reference associated with ""Horizontal Split Case Fire Pump Assembly – Electric – PURITY CHINA BRAND-"".","Horizontal Split Case Fire Pump Assembly – Electric – PURITY CHINA BRAND- | Accessories: Fire & Jockey Pump Wet Alarm Check Valve, OS & Y Gate Valve, Return Gate Valve, Pressure Relief Valve, Check Valve, Flexible Connector, Controller",4.144,3.328,3.04,5.601
42,Horizontal End Suction Fire Pump Assembly- Electric – Streamplus Brand Australia -,1,2,slide_42_image_01.png,Product image / visual reference,"Product image / visual reference associated with ""Horizontal End Suction Fire Pump Assembly- Electric – Streamplus Brand Australia -"".","Horizontal End Suction Fire Pump Assembly- Electric – Streamplus Brand Australia - | Accessories: Fire & Jockey Pump Wet Alarm Check Valve, OS & Y Gate Valve, Return Gate Valve, Pressure Relief Valve, Check Valve, Flexible Connector, Controller",3.198,1.974,1.418,1.293
42,Horizontal End Suction Fire Pump Assembly- Electric – Streamplus Brand Australia -,2,3,slide_42_image_02.png,Product image / visual reference,"Product image / visual reference associated with ""Horizontal End Suction Fire Pump Assembly- Electric – Streamplus Brand Australia -"".","Horizontal End Suction Fire Pump Assembly- Electric – Streamplus Brand Australia - | Accessories: Fire & Jockey Pump Wet Alarm Check Valve, OS & Y Gate Valve, Return Gate Valve, Pressure Relief Valve, Check Valve, Flexible Connector, Controller",0.554,0.033,3.366,5.953
42,Horizontal End Suction Fire Pump Assembly- Electric – Streamplus Brand Australia -,3,10,slide_42_image_03.png,Product image / visual reference,"Product image / visual reference associated with ""Horizontal End Suction Fire Pump Assembly- Electric – Streamplus Brand Australia -"".","Horizontal End Suction Fire Pump Assembly- Electric – Streamplus Brand Australia - | Accessories: Fire & Jockey Pump Wet Alarm Check Valve, OS & Y Gate Valve, Return Gate Valve, Pressure Relief Valve, Check Valve, Flexible Connector, Controller",0.365,-0.393,3.78,2.788
42,Horizontal End Suction Fire Pump Assembly- Electric – Streamplus Brand Australia -,4,13,slide_42_image_04.png,Product image / visual reference,"Product image / visual reference associated with ""Horizontal End Suction Fire Pump Assembly- Electric – Streamplus Brand Australia -"".","Horizontal End Suction Fire Pump Assembly- Electric – Streamplus Brand Australia - | Accessories: Fire & Jockey Pump Wet Alarm Check Valve, OS & Y Gate Valve, Return Gate Valve, Pressure Relief Valve, Check Valve, Flexible Connector, Controller",0.326,1.787,3.92,0.913
42,Horizontal End Suction Fire Pump Assembly- Electric – Streamplus Brand Australia -,5,17,slide_42_image_05.jpg,Product image / visual reference,"Product image / visual reference associated with ""Horizontal End Suction Fire Pump Assembly- Electric – Streamplus Brand Australia -"".","Horizontal End Suction Fire Pump Assembly- Electric – Streamplus Brand Australia - | Accessories: Fire & Jockey Pump Wet Alarm Check Valve, OS & Y Gate Valve, Return Gate Valve, Pressure Relief Valve, Check Valve, Flexible Connector, Controller",4.283,3.314,2.762,5.686
42,Horizontal End Suction Fire Pump Assembly- Electric – Streamplus Brand Australia -,6,20,slide_42_image_06.jpg,Product image / visual reference,"Product image / visual reference associated with ""Horizontal End Suction Fire Pump Assembly- Electric – Streamplus Brand Australia -"".","Horizontal End Suction Fire Pump Assembly- Electric – Streamplus Brand Australia - | Accessories: Fire & Jockey Pump Wet Alarm Check Valve, OS & Y Gate Valve, Return Gate Valve, Pressure Relief Valve, Check Valve, Flexible Connector, Controller",4.297,3.281,2.762,5.686
43,Horizontal End Suction and Vertical Inline Fire Pump Assembly – Electric– Purity Brand China -,1,1,slide_43_image_01.png,Product image / visual reference,"Product image / visual reference associated with ""Horizontal End Suction and Vertical Inline Fire Pump Assembly – Electric– Purity Brand China -"".","Horizontal End Suction and Vertical Inline Fire Pump Assembly – Electric– Purity Brand China - | CLOSE COUPLED | Accessories: Fire & Jockey Pump OS & Y Gate Valve,Return Gate Valve, Pressure Relief Valve, Check Valve, Flexible Connector, Controller",3.198,1.974,1.418,1.293
43,Horizontal End Suction and Vertical Inline Fire Pump Assembly – Electric– Purity Brand China -,2,2,slide_43_image_02.png,Product image / visual reference,"Product image / visual reference associated with ""Horizontal End Suction and Vertical Inline Fire Pump Assembly – Electric– Purity Brand China -"".","Horizontal End Suction and Vertical Inline Fire Pump Assembly – Electric– Purity Brand China - | CLOSE COUPLED | Accessories: Fire & Jockey Pump OS & Y Gate Valve,Return Gate Valve, Pressure Relief Valve, Check Valve, Flexible Connector, Controller",0.674,0.054,3.366,5.953
43,Horizontal End Suction and Vertical Inline Fire Pump Assembly – Electric– Purity Brand China -,3,9,slide_43_image_03.png,Product image / visual reference,"Product image / visual reference associated with ""Horizontal End Suction and Vertical Inline Fire Pump Assembly – Electric– Purity Brand China -"".","Horizontal End Suction and Vertical Inline Fire Pump Assembly – Electric– Purity Brand China - | CLOSE COUPLED | Accessories: Fire & Jockey Pump OS & Y Gate Valve,Return Gate Valve, Pressure Relief Valve, Check Valve, Flexible Connector, Controller",0.365,-0.393,3.78,2.788
43,Horizontal End Suction and Vertical Inline Fire Pump Assembly – Electric– Purity Brand China -,4,12,slide_43_image_04.png,Product image / visual reference,"Product image / visual reference associated with ""Horizontal End Suction and Vertical Inline Fire Pump Assembly – Electric– Purity Brand China -"".","Horizontal End Suction and Vertical Inline Fire Pump Assembly – Electric– Purity Brand China - | CLOSE COUPLED | Accessories: Fire & Jockey Pump OS & Y Gate Valve,Return Gate Valve, Pressure Relief Valve, Check Valve, Flexible Connector, Controller",0.366,1.826,3.913,0.906
43,Horizontal End Suction and Vertical Inline Fire Pump Assembly – Electric– Purity Brand China -,5,17,slide_43_image_05.jpg,Product image / visual reference,"Product image / visual reference associated with ""CLOSE COUPLED"".","CLOSE COUPLED | Accessories: Fire & Jockey Pump OS & Y Gate Valve,Return Gate Valve, Pressure Relief Valve, Check Valve, Flexible Connector, Controller | Horizontal End Suction and Vertical Inline Fire Pump Assembly – Electric– Purity Brand China -",3.75,3.63,3.75,4.278
44,"10Hp /3Hp Purity – Single Phase via inverter Controller with Threaded fitting no PRV Php -157,500.00 Php – 136,500.00 Set Only",1,2,slide_44_image_01.jpg,Product image / visual reference,"Product image / visual reference associated with ""10Hp /3Hp Purity – Single Phase via inverter Controller with Threaded fitting no PRV Php -157,500.00 Php – 136,500.00 Set Only"".","10Hp /3Hp Purity – Single Phase via inverter Controller with Threaded fitting no PRV Php -157,500.00 Php – 136,500.00 Set Only | 10Hp /3Hp Streamplus – Single Phase Controller with Threaded fitting no PRV Php -178,500.00 Php – 157,500.00 Set Only | 5Hp /3Hp Purity – Single Phase Controller with Threaded fitting no PRV Php -135,000.00",4.063,0.391,2.734,3.12
44,"10Hp /3Hp Purity – Single Phase via inverter Controller with Threaded fitting no PRV Php -157,500.00 Php – 136,500.00 Set Only",2,4,slide_44_image_02.jpg,Product image / visual reference,"Product image / visual reference associated with ""10Hp /3Hp Streamplus – Single Phase Controller with Threaded fitting no PRV Php -178,500.00 Php – 157,500.00 Set Only"".","10Hp /3Hp Streamplus – Single Phase Controller with Threaded fitting no PRV Php -178,500.00 Php – 157,500.00 Set Only | 5Hp /3Hp Purity – Single Phase Controller with Threaded fitting no PRV Php -135,000.00 | 10Hp /3Hp Purity – Single Phase via inverter Controller with Threaded fitting no PRV Php -157,500.00 Php – 136,500.00 Set Only",3.672,3.828,3.519,2.344
44,"10Hp /3Hp Purity – Single Phase via inverter Controller with Threaded fitting no PRV Php -157,500.00 Php – 136,500.00 Set Only",3,7,slide_44_image_03.jpg,Product image / visual reference,"Product image / visual reference associated with ""5Hp /3Hp Purity – Single Phase Controller with Threaded fitting no PRV Php -135,000.00"".","5Hp /3Hp Purity – Single Phase Controller with Threaded fitting no PRV Php -135,000.00 | 10Hp /3Hp Streamplus – Single Phase Controller with Threaded fitting no PRV Php -178,500.00 Php – 157,500.00 Set Only | 10Hp /3Hp Purity – Single Phase via inverter Controller with Threaded fitting no PRV Php -157,500.00 Php – 136,500.00 Set Only",4.375,6.406,2.403,3.203
45,"10Hp /3Hp Purity – Single Phase via inverter Controller with flange type fitting no PRV Php -163,000.00 -Assembly Php – 136,500.00 Set Only",1,2,slide_45_image_01.jpg,Product image / visual reference,"Product image / visual reference associated with ""10Hp /3Hp Purity – Single Phase via inverter Controller with flange type fitting no PRV Php -163,000.00 -Assembly Php – 136,500.00 Set Only"".","10Hp /3Hp Purity – Single Phase via inverter Controller with flange type fitting no PRV Php -163,000.00 -Assembly Php – 136,500.00 Set Only | 5Hp /3Hp Purity – Single Phase Controller with flange type fitting no PRV Php -142,000.00",4.063,0.391,2.734,3.12
45,"10Hp /3Hp Purity – Single Phase via inverter Controller with flange type fitting no PRV Php -163,000.00 -Assembly Php – 136,500.00 Set Only",2,4,slide_45_image_02.jpg,Product image / visual reference,"Product image / visual reference associated with ""5Hp /3Hp Purity – Single Phase Controller with flange type fitting no PRV Php -142,000.00"".","5Hp /3Hp Purity – Single Phase Controller with flange type fitting no PRV Php -142,000.00 | 10Hp /3Hp Purity – Single Phase via inverter Controller with flange type fitting no PRV Php -163,000.00 -Assembly Php – 136,500.00 Set Only",3.672,3.828,3.519,2.344
45,"10Hp /3Hp Purity – Single Phase via inverter Controller with flange type fitting no PRV Php -163,000.00 -Assembly Php – 136,500.00 Set Only",3,7,slide_45_image_03.jpg,Product image / visual reference,"Product image / visual reference associated with ""5Hp /3Hp Purity – Single Phase Controller with flange type fitting no PRV Php -142,000.00"".","5Hp /3Hp Purity – Single Phase Controller with flange type fitting no PRV Php -142,000.00 | 10Hp /3Hp Purity – Single Phase via inverter Controller with flange type fitting no PRV Php -163,000.00 -Assembly Php – 136,500.00 Set Only",4.375,6.406,2.403,3.203
46,Horizontal End Suction and Vertical Inline Fire Pump Assembly – Electric– Purity Brand China -,1,1,slide_46_image_01.png,Product image / visual reference,"Product image / visual reference associated with ""Horizontal End Suction and Vertical Inline Fire Pump Assembly – Electric– Purity Brand China -"".","Horizontal End Suction and Vertical Inline Fire Pump Assembly – Electric– Purity Brand China - | PEJ – MODEL ( Base plate ) | Accessories: Fire & Jockey Pump OS & Y Gate Valve, Return Gate Valve, Pressure Relief Valve, Check Valve, Flexible Connector, Controller",3.198,1.974,1.418,1.293
46,Horizontal End Suction and Vertical Inline Fire Pump Assembly – Electric– Purity Brand China -,2,2,slide_46_image_02.png,Product image / visual reference,"Product image / visual reference associated with ""Horizontal End Suction and Vertical Inline Fire Pump Assembly – Electric– Purity Brand China -"".","Horizontal End Suction and Vertical Inline Fire Pump Assembly – Electric– Purity Brand China - | PEJ – MODEL ( Base plate ) | Accessories: Fire & Jockey Pump OS & Y Gate Valve, Return Gate Valve, Pressure Relief Valve, Check Valve, Flexible Connector, Controller",0.554,0.033,3.366,5.953
46,Horizontal End Suction and Vertical Inline Fire Pump Assembly – Electric– Purity Brand China -,3,9,slide_46_image_03.png,Product image / visual reference,"Product image / visual reference associated with ""Horizontal End Suction and Vertical Inline Fire Pump Assembly – Electric– Purity Brand China -"".","Horizontal End Suction and Vertical Inline Fire Pump Assembly – Electric– Purity Brand China - | PEJ – MODEL ( Base plate ) | Accessories: Fire & Jockey Pump OS & Y Gate Valve, Return Gate Valve, Pressure Relief Valve, Check Valve, Flexible Connector, Controller",0.365,-0.393,3.78,2.788
46,Horizontal End Suction and Vertical Inline Fire Pump Assembly – Electric– Purity Brand China -,4,12,slide_46_image_04.png,Product image / visual reference,"Product image / visual reference associated with ""Horizontal End Suction and Vertical Inline Fire Pump Assembly – Electric– Purity Brand China -"".","Horizontal End Suction and Vertical Inline Fire Pump Assembly – Electric– Purity Brand China - | PEJ – MODEL ( Base plate ) | Accessories: Fire & Jockey Pump OS & Y Gate Valve, Return Gate Valve, Pressure Relief Valve, Check Valve, Flexible Connector, Controller",0.326,1.787,3.92,0.913
46,Horizontal End Suction and Vertical Inline Fire Pump Assembly – Electric– Purity Brand China -,5,18,slide_46_image_05.jpg,Product image / visual reference,"Product image / visual reference associated with ""PEJ – MODEL ( Base plate )"".","PEJ – MODEL ( Base plate ) | Accessories: Fire & Jockey Pump OS & Y Gate Valve, Return Gate Valve, Pressure Relief Valve, Check Valve, Flexible Connector, Controller | Horizontal End Suction and Vertical Inline Fire Pump Assembly – Electric– Purity Brand China -",3.75,4.844,3.519,2.344
47,Horizontal End Suction Fire Pump Assembly – Electric – Purity Brand China -,1,1,slide_47_image_01.png,Product image / visual reference,"Product image / visual reference associated with ""Horizontal End Suction Fire Pump Assembly – Electric – Purity Brand China -"".","Horizontal End Suction Fire Pump Assembly – Electric – Purity Brand China - | Accessories: Fire & Jockey Pump Wet Alarm Check Valve, OS & Y Gate Valve, Return Gate Valve, Pressure Relief Valve, Check Valve, Flexible Connector, Controller",3.198,1.974,1.418,1.293
47,Horizontal End Suction Fire Pump Assembly – Electric – Purity Brand China -,2,2,slide_47_image_02.png,Product image / visual reference,"Product image / visual reference associated with ""Horizontal End Suction Fire Pump Assembly – Electric – Purity Brand China -"".","Horizontal End Suction Fire Pump Assembly – Electric – Purity Brand China - | Accessories: Fire & Jockey Pump Wet Alarm Check Valve, OS & Y Gate Valve, Return Gate Valve, Pressure Relief Valve, Check Valve, Flexible Connector, Controller",0.554,0.033,3.366,5.953
47,Horizontal End Suction Fire Pump Assembly – Electric – Purity Brand China -,3,9,slide_47_image_03.png,Product image / visual reference,"Product image / visual reference associated with ""Horizontal End Suction Fire Pump Assembly – Electric – Purity Brand China -"".","Horizontal End Suction Fire Pump Assembly – Electric – Purity Brand China - | Accessories: Fire & Jockey Pump Wet Alarm Check Valve, OS & Y Gate Valve, Return Gate Valve, Pressure Relief Valve, Check Valve, Flexible Connector, Controller",0.365,-0.393,3.78,2.788
47,Horizontal End Suction Fire Pump Assembly – Electric – Purity Brand China -,4,12,slide_47_image_04.png,Product image / visual reference,"Product image / visual reference associated with ""Horizontal End Suction Fire Pump Assembly – Electric – Purity Brand China -"".","Horizontal End Suction Fire Pump Assembly – Electric – Purity Brand China - | Accessories: Fire & Jockey Pump Wet Alarm Check Valve, OS & Y Gate Valve, Return Gate Valve, Pressure Relief Valve, Check Valve, Flexible Connector, Controller",0.326,1.787,3.92,0.913
47,Horizontal End Suction Fire Pump Assembly – Electric – Purity Brand China -,5,16,slide_47_image_05.jpg,Product image / visual reference,"Product image / visual reference associated with ""Horizontal End Suction Fire Pump Assembly – Electric – Purity Brand China -"".","Horizontal End Suction Fire Pump Assembly – Electric – Purity Brand China - | Accessories: Fire & Jockey Pump Wet Alarm Check Valve, OS & Y Gate Valve, Return Gate Valve, Pressure Relief Valve, Check Valve, Flexible Connector, Controller",4.283,3.314,2.762,5.686
47,Horizontal End Suction Fire Pump Assembly – Electric – Purity Brand China -,6,17,slide_47_image_06.jpg,Product image / visual reference,"Product image / visual reference associated with ""Horizontal End Suction Fire Pump Assembly – Electric – Purity Brand China -"".","Horizontal End Suction Fire Pump Assembly – Electric – Purity Brand China - | Accessories: Fire & Jockey Pump Wet Alarm Check Valve, OS & Y Gate Valve, Return Gate Valve, Pressure Relief Valve, Check Valve, Flexible Connector, Controller",4.245,3.295,2.762,5.685
48,Horizontal End Suction Fire Pump Assembly- Diesel Engine Driven – Streamplus Brand Australia -,1,1,slide_48_image_01.png,Product image / visual reference,"Product image / visual reference associated with ""Horizontal End Suction Fire Pump Assembly- Diesel Engine Driven – Streamplus Brand Australia -"".","Horizontal End Suction Fire Pump Assembly- Diesel Engine Driven – Streamplus Brand Australia - | Accessories: Fire & Jockey Pump Wet Alarm Check Valve, OS & Y Gate Valve, Return Gate Valve, Pressure Relief Valve, Check Valve, Flexible Connector, Controller",3.198,1.974,1.418,1.293
48,Horizontal End Suction Fire Pump Assembly- Diesel Engine Driven – Streamplus Brand Australia -,2,2,slide_48_image_02.png,Product image / visual reference,"Product image / visual reference associated with ""Horizontal End Suction Fire Pump Assembly- Diesel Engine Driven – Streamplus Brand Australia -"".","Horizontal End Suction Fire Pump Assembly- Diesel Engine Driven – Streamplus Brand Australia - | Accessories: Fire & Jockey Pump Wet Alarm Check Valve, OS & Y Gate Valve, Return Gate Valve, Pressure Relief Valve, Check Valve, Flexible Connector, Controller",0.554,0.033,3.366,5.953
48,Horizontal End Suction Fire Pump Assembly- Diesel Engine Driven – Streamplus Brand Australia -,3,9,slide_48_image_03.png,Product image / visual reference,"Product image / visual reference associated with ""Horizontal End Suction Fire Pump Assembly- Diesel Engine Driven – Streamplus Brand Australia -"".","Horizontal End Suction Fire Pump Assembly- Diesel Engine Driven – Streamplus Brand Australia - | Accessories: Fire & Jockey Pump Wet Alarm Check Valve, OS & Y Gate Valve, Return Gate Valve, Pressure Relief Valve, Check Valve, Flexible Connector, Controller",0.365,-0.393,3.78,2.788
48,Horizontal End Suction Fire Pump Assembly- Diesel Engine Driven – Streamplus Brand Australia -,4,12,slide_48_image_04.png,Product image / visual reference,"Product image / visual reference associated with ""Horizontal End Suction Fire Pump Assembly- Diesel Engine Driven – Streamplus Brand Australia -"".","Horizontal End Suction Fire Pump Assembly- Diesel Engine Driven – Streamplus Brand Australia - | Accessories: Fire & Jockey Pump Wet Alarm Check Valve, OS & Y Gate Valve, Return Gate Valve, Pressure Relief Valve, Check Valve, Flexible Connector, Controller",0.326,1.787,3.92,0.913
48,Horizontal End Suction Fire Pump Assembly- Diesel Engine Driven – Streamplus Brand Australia -,5,16,slide_48_image_05.jpg,Product image / visual reference,"Product image / visual reference associated with ""Horizontal End Suction Fire Pump Assembly- Diesel Engine Driven – Streamplus Brand Australia -"".","Horizontal End Suction Fire Pump Assembly- Diesel Engine Driven – Streamplus Brand Australia - | Accessories: Fire & Jockey Pump Wet Alarm Check Valve, OS & Y Gate Valve, Return Gate Valve, Pressure Relief Valve, Check Valve, Flexible Connector, Controller",4.55,3.134,2.314,3.444
48,Horizontal End Suction Fire Pump Assembly- Diesel Engine Driven – Streamplus Brand Australia -,6,17,slide_48_image_06.jpg,Product image / visual reference,"Product image / visual reference associated with ""Accessories: Fire & Jockey Pump Wet Alarm Check Valve, OS & Y Gate Valve, Return Gate Valve, Pressure Relief Valve, Check Valve, Flexible Connector, Controller"".","Accessories: Fire & Jockey Pump Wet Alarm Check Valve, OS & Y Gate Valve, Return Gate Valve, Pressure Relief Valve, Check Valve, Flexible Connector, Controller | Horizontal End Suction Fire Pump Assembly- Diesel Engine Driven – Streamplus Brand Australia -",4.587,6.615,2.315,2.5
49,Horizontal Split Case Fire Pump Assembly- Diesel Driven – PURITY Brand China -,1,1,slide_49_image_01.png,Product image / visual reference,"Product image / visual reference associated with ""Horizontal Split Case Fire Pump Assembly- Diesel Driven – PURITY Brand China -"".","Horizontal Split Case Fire Pump Assembly- Diesel Driven – PURITY Brand China - | Accessories: Fire & Jockey Pump Wet Alarm Check Valve, OS & Y Gate Valve, Return Gate Valve, Pressure Relief Valve, Check Valve, Flexible Connector, Controller",3.198,1.974,1.418,1.293
49,Horizontal Split Case Fire Pump Assembly- Diesel Driven – PURITY Brand China -,2,2,slide_49_image_02.png,Product image / visual reference,"Product image / visual reference associated with ""Horizontal Split Case Fire Pump Assembly- Diesel Driven – PURITY Brand China -"".","Horizontal Split Case Fire Pump Assembly- Diesel Driven – PURITY Brand China - | Accessories: Fire & Jockey Pump Wet Alarm Check Valve, OS & Y Gate Valve, Return Gate Valve, Pressure Relief Valve, Check Valve, Flexible Connector, Controller",0.554,0.033,3.366,5.953
49,Horizontal Split Case Fire Pump Assembly- Diesel Driven – PURITY Brand China -,3,9,slide_49_image_03.png,Product image / visual reference,"Product image / visual reference associated with ""Horizontal Split Case Fire Pump Assembly- Diesel Driven – PURITY Brand China -"".","Horizontal Split Case Fire Pump Assembly- Diesel Driven – PURITY Brand China - | Accessories: Fire & Jockey Pump Wet Alarm Check Valve, OS & Y Gate Valve, Return Gate Valve, Pressure Relief Valve, Check Valve, Flexible Connector, Controller",0.365,-0.393,3.78,2.788
49,Horizontal Split Case Fire Pump Assembly- Diesel Driven – PURITY Brand China -,4,12,slide_49_image_04.png,Product image / visual reference,"Product image / visual reference associated with ""Horizontal Split Case Fire Pump Assembly- Diesel Driven – PURITY Brand China -"".","Horizontal Split Case Fire Pump Assembly- Diesel Driven – PURITY Brand China - | Accessories: Fire & Jockey Pump Wet Alarm Check Valve, OS & Y Gate Valve, Return Gate Valve, Pressure Relief Valve, Check Valve, Flexible Connector, Controller",0.326,1.787,3.92,0.913
49,Horizontal Split Case Fire Pump Assembly- Diesel Driven – PURITY Brand China -,5,22,slide_49_image_05.jpg,Product image / visual reference,"Product image / visual reference associated with ""Horizontal Split Case Fire Pump Assembly- Diesel Driven – PURITY Brand China -"".","Horizontal Split Case Fire Pump Assembly- Diesel Driven – PURITY Brand China - | Accessories: Fire & Jockey Pump Wet Alarm Check Valve, OS & Y Gate Valve, Return Gate Valve, Pressure Relief Valve, Check Valve, Flexible Connector, Controller",4.141,4.766,2.979,2.583
50,Horizontal End Suction Fire Pump Assembly- Diesel Driven – PURITY Brand China -,1,1,slide_50_image_01.png,Product image / visual reference,"Product image / visual reference associated with ""Horizontal End Suction Fire Pump Assembly- Diesel Driven – PURITY Brand China -"".","Horizontal End Suction Fire Pump Assembly- Diesel Driven – PURITY Brand China - | Accessories: Fire & Jockey Pump Wet Alarm Check Valve, OS & Y Gate Valve, Return Gate Valve, Pressure Relief Valve, Check Valve, Flexible Connector, Controller",3.198,1.974,1.418,1.293
50,Horizontal End Suction Fire Pump Assembly- Diesel Driven – PURITY Brand China -,2,2,slide_50_image_02.png,Product image / visual reference,"Product image / visual reference associated with ""Horizontal End Suction Fire Pump Assembly- Diesel Driven – PURITY Brand China -"".","Horizontal End Suction Fire Pump Assembly- Diesel Driven – PURITY Brand China - | Accessories: Fire & Jockey Pump Wet Alarm Check Valve, OS & Y Gate Valve, Return Gate Valve, Pressure Relief Valve, Check Valve, Flexible Connector, Controller",0.554,0.033,3.366,5.953
50,Horizontal End Suction Fire Pump Assembly- Diesel Driven – PURITY Brand China -,3,9,slide_50_image_03.png,Product image / visual reference,"Product image / visual reference associated with ""Horizontal End Suction Fire Pump Assembly- Diesel Driven – PURITY Brand China -"".","Horizontal End Suction Fire Pump Assembly- Diesel Driven – PURITY Brand China - | Accessories: Fire & Jockey Pump Wet Alarm Check Valve, OS & Y Gate Valve, Return Gate Valve, Pressure Relief Valve, Check Valve, Flexible Connector, Controller",0.365,-0.393,3.78,2.788
50,Horizontal End Suction Fire Pump Assembly- Diesel Driven – PURITY Brand China -,4,12,slide_50_image_04.png,Product image / visual reference,"Product image / visual reference associated with ""Horizontal End Suction Fire Pump Assembly- Diesel Driven – PURITY Brand China -"".","Horizontal End Suction Fire Pump Assembly- Diesel Driven – PURITY Brand China - | Accessories: Fire & Jockey Pump Wet Alarm Check Valve, OS & Y Gate Valve, Return Gate Valve, Pressure Relief Valve, Check Valve, Flexible Connector, Controller",0.326,1.787,3.92,0.913
50,Horizontal End Suction Fire Pump Assembly- Diesel Driven – PURITY Brand China -,5,17,slide_50_image_05.jpg,Product image / visual reference,"Product image / visual reference associated with ""Accessories: Fire & Jockey Pump Wet Alarm Check Valve, OS & Y Gate Valve, Return Gate Valve, Pressure Relief Valve, Check Valve, Flexible Connector, Controller"".","Accessories: Fire & Jockey Pump Wet Alarm Check Valve, OS & Y Gate Valve, Return Gate Valve, Pressure Relief Valve, Check Valve, Flexible Connector, Controller | Horizontal End Suction Fire Pump Assembly- Diesel Driven – PURITY Brand China -",4.531,6.484,2.5,2.5
50,Horizontal End Suction Fire Pump Assembly- Diesel Driven – PURITY Brand China -,6,20,slide_50_image_06.jpg,Product image / visual reference,"Product image / visual reference associated with ""Horizontal End Suction Fire Pump Assembly- Diesel Driven – PURITY Brand China -"".","Horizontal End Suction Fire Pump Assembly- Diesel Driven – PURITY Brand China - | Accessories: Fire & Jockey Pump Wet Alarm Check Valve, OS & Y Gate Valve, Return Gate Valve, Pressure Relief Valve, Check Valve, Flexible Connector, Controller",4.141,3.984,2.937,2.735
51,U- BOLT,1,1,slide_51_image_01.jpg,Product image / visual reference,Product image / visual reference.,,0.243,1.821,2.335,1.727
51,U- BOLT,2,2,slide_51_image_02.jpg,Product image / visual reference,Product image / visual reference.,,2.78,2.021,1.941,1.941
51,U- BOLT,3,5,slide_51_image_03.jpg,Product image / visual reference,Product image / visual reference.,,3.03,4.262,1.594,1.592
51,U- BOLT,4,11,slide_51_image_04.jpg,Logo / header graphic,Logo / header graphic.,,0.34,0.446,2.054,1.325
51,U- BOLT,5,14,slide_51_image_05.jpg,Product image / visual reference,Product image / visual reference.,,2.891,6.953,1.609,1.609
52,NUT | WASHER,1,1,slide_52_image_01.jpg,Product image / visual reference,"Product image / visual reference associated with ""Nipple"".",Nipple | Angle Bar,0.365,0.0,2.219,2.22
52,NUT | WASHER,2,7,slide_52_image_02.jpg,Product image / visual reference,"Product image / visual reference associated with ""Nipple"".",Nipple | Angle Bar,3.08,2.514,1.806,1.783
52,NUT | WASHER,3,9,slide_52_image_03.jpg,Product image / visual reference,"Product image / visual reference associated with ""Angle Bar"".",Angle Bar | Nipple,5.226,2.601,1.903,1.182
53,ELECTRICAL,1,1,slide_53_image_01.jpg,Product image / visual reference,"Product image / visual reference associated with ""ELECTRICAL"".",ELECTRICAL,0.281,7.213,1.332,1.33
53,ELECTRICAL,2,2,slide_53_image_02.jpg,Product image / visual reference,"Product image / visual reference associated with ""ELECTRICAL"".",ELECTRICAL,0.068,6.141,1.877,1.316
53,ELECTRICAL,3,6,slide_53_image_03.jpg,Product image / visual reference,"Product image / visual reference associated with ""ELECTRICAL"".",ELECTRICAL,4.556,4.123,0.986,1.106
53,ELECTRICAL,4,7,slide_53_image_04.jpg,Product image / visual reference,"Product image / visual reference associated with ""ELECTRICAL"".",ELECTRICAL,4.573,3.002,0.985,1.181
53,ELECTRICAL,5,8,slide_53_image_05.jpg,Product image / visual reference,"Product image / visual reference associated with ""ELECTRICAL"".",ELECTRICAL,0.34,4.835,1.182,1.182
53,ELECTRICAL,6,9,slide_53_image_06.png,Product image / visual reference,"Product image / visual reference associated with ""ELECTRICAL"".",ELECTRICAL,3.807,1.556,0.738,1.309
53,ELECTRICAL,7,10,slide_53_image_07.jpg,Product image / visual reference,"Product image / visual reference associated with ""ELECTRICAL"".",ELECTRICAL,0.177,1.571,1.059,0.952
53,ELECTRICAL,8,11,slide_53_image_08.jpg,Product image / visual reference,"Product image / visual reference associated with ""ELECTRICAL"".",ELECTRICAL,0.287,3.184,1.361,1.363
53,ELECTRICAL,9,24,slide_53_image_09.jpg,Product image / visual reference,"Product image / visual reference associated with ""ELECTRICAL"".",ELECTRICAL,0.366,8.641,1.202,1.016
53,ELECTRICAL,10,26,slide_53_image_10.jpg,Product image / visual reference,"Product image / visual reference associated with ""ELECTRICAL"".",ELECTRICAL,4.537,5.271,1.147,1.148
53,ELECTRICAL,11,27,slide_53_image_11.jpg,Product image / visual reference,"Product image / visual reference associated with ""ELECTRICAL"".",ELECTRICAL,4.665,6.382,2.443,1.413
54,TF WIRE SINGLE,1,1,slide_54_image_01.jpg,Product image / visual reference,Product image / visual reference.,,4.531,6.875,2.21,1.658
54,TF WIRE SINGLE,2,3,slide_54_image_02.jpg,Product image / visual reference,Product image / visual reference.,,0.234,8.437,2.306,1.231
54,TF WIRE SINGLE,3,4,slide_54_image_03.jpg,Product image / visual reference,Product image / visual reference.,,0.313,3.125,1.625,1.602
54,TF WIRE SINGLE,4,5,slide_54_image_04.png,Product image / visual reference,Product image / visual reference.,,1.986,3.3,2.068,1.399
54,TF WIRE SINGLE,5,7,slide_54_image_05.png,Product image / visual reference,Product image / visual reference.,,5.12,3.3,2.073,1.392
54,TF WIRE SINGLE,6,8,slide_54_image_06.jpg,Product image / visual reference,Product image / visual reference.,,4.766,4.844,1.953,1.953
54,TF WIRE SINGLE,7,10,slide_54_image_07.jpg,Logo / header graphic,Logo / header graphic.,,3.788,0.274,1.641,1.574
54,TF WIRE SINGLE,8,14,slide_54_image_08.jpg,Logo / header graphic,Logo / header graphic.,,0.127,0.568,1.995,1.993
54,TF WIRE SINGLE,9,15,slide_54_image_09.png,Product image / visual reference,Product image / visual reference.,,1.746,1.772,2.073,0.8
55,WORKINGGLOVES,1,2,slide_55_image_01.jpg,Logo / header graphic,Logo / header graphic.,,0.264,0.306,1.766,1.502
55,WORKINGGLOVES,2,3,slide_55_image_02.png,Logo / header graphic,Logo / header graphic.,,1.76,0.486,2.247,1.167
55,WORKINGGLOVES,3,4,slide_55_image_03.jpg,Product image / visual reference,Product image / visual reference.,,0.207,1.943,1.687,1.073
55,WORKINGGLOVES,4,5,slide_55_image_04.png,Product image / visual reference,Product image / visual reference.,,1.894,1.873,2.106,1.174
55,WORKINGGLOVES,5,6,slide_55_image_05.jpg,Logo / header graphic,Logo / header graphic.,,4.12,0.396,1.356,1.292
55,WORKINGGLOVES,6,8,slide_55_image_06.jpg,Product image / visual reference,Product image / visual reference.,,4.139,1.76,1.326,1.302
55,WORKINGGLOVES,7,9,slide_55_image_07.png,Logo / header graphic,Logo / header graphic.,,5.587,0.354,1.587,1.505
55,WORKINGGLOVES,8,10,slide_55_image_08.png,Product image / visual reference,Product image / visual reference.,,5.587,1.88,1.587,1.141
55,WORKINGGLOVES,9,11,slide_55_image_09.jpg,Product image / visual reference,Product image / visual reference.,,4.634,6.736,1.309,1.309
55,WORKINGGLOVES,10,13,slide_55_image_10.jpg,Product image / visual reference,Product image / visual reference.,,4.533,8.217,1.309,1.085
55,WORKINGGLOVES,11,15,slide_55_image_11.jpg,Product image / visual reference,Product image / visual reference.,,0.361,4.488,1.844,2.611
55,WORKINGGLOVES,12,17,slide_55_image_12.jpg,Product image / visual reference,Product image / visual reference.,,2.846,4.321,1.88,1.88
55,WORKINGGLOVES,13,19,slide_55_image_13.jpg,Product image / visual reference,Product image / visual reference.,,3.087,7.29,1.356,1.083
55,WORKINGGLOVES,14,21,slide_55_image_14.png,Product image / visual reference,Product image / visual reference.,,0.431,3.215,1.052,1.063
55,WORKINGGLOVES,15,23,slide_55_image_15.jpg,Product image / visual reference,Product image / visual reference.,,2.74,3.507,1.04,0.602
55,WORKINGGLOVES,16,25,slide_55_image_16.jpg,Product image / visual reference,Product image / visual reference.,,4.979,3.233,1.128,1.128
55,WORKINGGLOVES,17,28,slide_55_image_17.jpg,Product image / visual reference,Product image / visual reference.,,5.465,4.419,1.073,1.069
55,WORKINGGLOVES,18,29,slide_55_image_18.png,Product image / visual reference,Product image / visual reference.,,0.285,7.198,1.807,1.807
56,Plus 5%,1,2,slide_56_image_01.jpg,Logo / header graphic,"Logo / header graphic associated with ""Plus 5%"".",Plus 5%,1.437,0.771,0.858,0.71
56,Plus 5%,2,3,slide_56_image_02.jpg,Product image / visual reference,"Product image / visual reference associated with ""Plus 5%"".",Plus 5%,1.415,3.357,0.798,1.009
56,Plus 5%,3,4,slide_56_image_03.jpg,Product image / visual reference,"Product image / visual reference associated with ""Plus 5%"".",Plus 5%,1.437,1.759,0.771,0.609
56,Plus 5%,4,5,slide_56_image_04.jpg,Small icon / decorative graphic,"Small icon / decorative graphic associated with ""Plus 5%"".",Plus 5%,1.528,2.504,0.573,0.557
56,Plus 5%,5,6,slide_56_image_05.png,Product image / visual reference,"Product image / visual reference associated with ""Plus 5%"".",Plus 5%,1.387,5.478,0.828,0.87
56,Plus 5%,6,7,slide_56_image_06.jpg,Small icon / decorative graphic,"Small icon / decorative graphic associated with ""Plus 5%"".",Plus 5%,1.455,8.5,0.578,0.533
56,Plus 5%,7,8,slide_56_image_07.jpg,Product image / visual reference,"Product image / visual reference associated with ""Plus 5%"".",Plus 5%,1.378,6.963,0.934,1.137
56,Plus 5%,8,9,slide_56_image_08.jpg,Product image / visual reference,"Product image / visual reference associated with ""Plus 5%"".",Plus 5%,1.375,9.139,0.85,0.656
56,Plus 5%,9,10,slide_56_image_09.jpg,Product image / visual reference,"Product image / visual reference associated with ""Plus 5%"".",Plus 5%,1.437,4.427,0.755,0.677
57,Black Iron - Bell Reducer - Welded,1,4,slide_57_image_01.jpg,Product image / visual reference,"Product image / visual reference associated with ""Black Iron - Bell Reducer - Welded"".",Black Iron - Bell Reducer - Welded,0.234,7.186,1.328,2.68
58,STAINLESS TANK | PRICE,1,1,slide_58_image_01.jpg,Product image / visual reference,Product image / visual reference.,,0.313,0.234,2.207,3.672
59,TOOLS,1,2,slide_59_image_01.png,Logo / header graphic,"Logo / header graphic associated with ""TOOLS"".",TOOLS,0.547,0.26,1.941,2.186
59,TOOLS,2,4,slide_59_image_02.png,Logo / header graphic,"Logo / header graphic associated with ""TOOLS"".",TOOLS,4.694,0.398,1.951,2.521
59,TOOLS,3,5,slide_59_image_03.jpg,Product image / visual reference,"Product image / visual reference associated with ""TOOLS"".",TOOLS,0.547,6.953,1.187,1.156
59,TOOLS,4,9,slide_59_image_04.jpg,Product image / visual reference,"Product image / visual reference associated with ""TOOLS"".",TOOLS,0.391,3.594,1.649,1.622
59,TOOLS,5,10,slide_59_image_05.jpg,Product image / visual reference,"Product image / visual reference associated with ""TOOLS"".",TOOLS,0.313,5.313,1.649,1.607
59,TOOLS,6,11,slide_59_image_06.jpg,Product image / visual reference,"Product image / visual reference associated with ""TOOLS"".",TOOLS,2.246,6.425,1.568,1.16
59,TOOLS,7,12,slide_59_image_07.jpg,Product image / visual reference,"Product image / visual reference associated with ""TOOLS"".",TOOLS,3.125,8.281,1.6,1.333
59,TOOLS,8,14,slide_59_image_08.jpg,Product image / visual reference,"Product image / visual reference associated with ""TOOLS"".",TOOLS,5.234,5.547,1.776,1.161
59,TOOLS,9,20,slide_59_image_09.jpg,Product image / visual reference,"Product image / visual reference associated with ""TOOLS"".",TOOLS,5.502,3.589,1.537,1.878
